pass_product_name,pass_product_season,resort_name,resort_group_name,access_tier,access_days,unlimited_access,reservation_required,blackout_dates_apply,notes,source_url
Epic Pass,2026-2027,,Hakuba Valley,full_pass,5,false,false,false,Official Epic Hakuba page states Epic Pass holders receive 5 consecutive days with no restricted dates to use at any of Hakuba Valley’s 10 ski resorts; ticket-window validation required.,https://www.epicpass.com/regions/japan/hakuba-valley.aspx
Epic Pass,2026-2027,,Les 3 Vallées,full_pass,7,false,false,false,"Official Epic Europe page states Epic Pass includes 7 consecutive days at Les 3 Vallées, France.",https://www.epicpass.com/regions/europe/france/les-3-vallees.aspx
Epic Pass,2026-2027,,Resorts of the Canadian Rockies,full_pass,7,false,false,false,Official Epic RCR page states Epic Pass holders receive up to 7 total days across the six Resorts of the Canadian Rockies; no lodging requirement; physical pass card allows direct-to-lift access.,https://www.epicpass.com/regions/canada/rcr.aspx
Epic Pass,2026-2027,,Saalbach & Zell am See-Kaprun,full_pass,5,false,false,false,Official Epic partner page states Epic Pass includes 5 days across Skicircus Saalbach Hinterglemm Leogang Fieberbrunn and Kitzsteinhorn/Zell am See-Kaprun.,https://www.epicpass.com/regions/partner-resorts.aspx
Epic Pass,2026-2027,,Ski Arlberg,full_pass,3,false,false,false,Official Epic partner page states Epic Pass holders receive 3 consecutive days at Arlberg ski resorts when staying minimum consecutive nights at participating lodging booked directly through lodging partners.,https://www.epicpass.com/regions/partner-resorts.aspx
Epic Pass,2026-2027,,Skirama Dolomiti,full_pass,7,false,false,false,"Official Epic Europe page states Epic Pass includes 7 consecutive days at Skirama Dolomiti, Italy; member list is a practical decomposition of the Skirama ski areas and should be rechecked against final Epic redemption terms.",https://www.epicpass.com/regions/partner-resorts.aspx
Epic Pass,2026-2027,,Verbier 4 Vallées,full_pass,5,false,false,false,Official Epic partner page states Epic Pass holders receive five consecutive days of unrestricted access to Verbier 4 Vallées.,https://www.epicpass.com/regions/partner-resorts.aspx
Epic Pass,2026-2027,,Whistler Blackcomb,full_pass,,true,false,false,Full Epic Pass access modeled as unlimited and unrestricted at Whistler Blackcomb; group target avoids duplicating access across Whistler and Blackcomb physical mountain rows.,https://www.epicpass.com/regions.aspx
Epic Pass,2026-2027,,Zillertal,full_pass,5,false,false,false,Official Epic partner page states Epic Pass includes 5 consecutive days across Zillertal resorts in Austria; 2026/27 source notes expansion beyond Mayrhofen/Hintertux.,https://www.epicpass.com/regions/partner-resorts.aspx
Epic Pass,2026-2027,Afton Alps,,full_pass,,true,false,false,Full Epic Pass access modeled as unlimited and unrestricted at this Vail Resorts owned/operated destination for the 2026-2027 season; source page lists the resort among Epic Pass resort destinations. No full Epic Pass restricted peak dates modeled.,https://www.epicpass.com/pass-results/lift-ticket-promotion.aspx
Epic Pass,2026-2027,Alpine Valley (OH),,full_pass,,true,false,false,Full Epic Pass access modeled as unlimited and unrestricted at this Vail Resorts owned/operated destination for the 2026-2027 season; source page lists the resort among Epic Pass resort destinations. No full Epic Pass restricted peak dates modeled.,https://www.epicpass.com/pass-results/lift-ticket-promotion.aspx
Epic Pass,2026-2027,Andermatt-Sedrun-Disentis,,full_pass,,true,false,false,Full Epic Pass access modeled as unlimited and unrestricted at this European Epic destination; official Epic Europe page identifies unlimited access for Epic Pass holders. Ticket-window/media-card procedures may apply.,https://www.epicpass.com/regions/europe.aspx
Epic Pass,2026-2027,Attitash Mountain,,full_pass,,true,false,false,Full Epic Pass access modeled as unlimited and unrestricted at this Vail Resorts owned/operated destination for the 2026-2027 season; source page lists the resort among Epic Pass resort destinations. No full Epic Pass restricted peak dates modeled.,https://www.epicpass.com/pass-results/lift-ticket-promotion.aspx
Epic Pass,2026-2027,Beaver Creek,,full_pass,,true,false,false,Full Epic Pass access modeled as unlimited and unrestricted at this Vail Resorts owned/operated destination for the 2026-2027 season; source page lists the resort among Epic Pass resort destinations. No full Epic Pass restricted peak dates modeled.,https://www.epicpass.com/pass-results/lift-ticket-promotion.aspx
Epic Pass,2026-2027,Big Boulder,,full_pass,,true,false,false,Full Epic Pass access modeled as unlimited and unrestricted at this Vail Resorts owned/operated destination for the 2026-2027 season; source page lists the resort among Epic Pass resort destinations. No full Epic Pass restricted peak dates modeled.,https://www.epicpass.com/pass-results/lift-ticket-promotion.aspx
Epic Pass,2026-2027,Boston Mills,,full_pass,,true,false,false,Full Epic Pass access modeled as unlimited and unrestricted at this Vail Resorts owned/operated destination for the 2026-2027 season; source page lists the resort among Epic Pass resort destinations. No full Epic Pass restricted peak dates modeled.,https://www.epicpass.com/pass-results/lift-ticket-promotion.aspx
Epic Pass,2026-2027,Brandywine,,full_pass,,true,false,false,Full Epic Pass access modeled as unlimited and unrestricted at this Vail Resorts owned/operated destination for the 2026-2027 season; source page lists the resort among Epic Pass resort destinations. No full Epic Pass restricted peak dates modeled.,https://www.epicpass.com/pass-results/lift-ticket-promotion.aspx
Epic Pass,2026-2027,Breckenridge,,full_pass,,true,false,false,Epic Pass lists Breckenridge among unlimited-access resorts for the 2026-2027 season; Epic Pass itself has no restricted peak dates.,https://www.epicpass.com/pass-results/lift-ticket-promotion.aspx
Epic Pass,2026-2027,Crans-Montana,,full_pass,,true,false,false,Full Epic Pass access modeled as unlimited and unrestricted at this European Epic destination; official Epic Europe page identifies unlimited access for Epic Pass holders. Ticket-window/media-card procedures may apply.,https://www.epicpass.com/regions/europe.aspx
Epic Pass,2026-2027,Crested Butte,,full_pass,,true,false,false,Full Epic Pass access modeled as unlimited and unrestricted at this Vail Resorts owned/operated destination for the 2026-2027 season; source page lists the resort among Epic Pass resort destinations. No full Epic Pass restricted peak dates modeled.,https://www.epicpass.com/pass-results/lift-ticket-promotion.aspx
Epic Pass,2026-2027,Crotched Mountain,,full_pass,,true,false,false,Full Epic Pass access modeled as unlimited and unrestricted at this Vail Resorts owned/operated destination for the 2026-2027 season; source page lists the resort among Epic Pass resort destinations. No full Epic Pass restricted peak dates modeled.,https://www.epicpass.com/pass-results/lift-ticket-promotion.aspx
Epic Pass,2026-2027,Falls Creek,,full_pass,,true,false,false,Full Epic Pass access modeled as unlimited and unrestricted at this Australian Vail Resorts destination; official Epic Australia page states 2026/27 Epic Pass holders have access in the 2027 Southern Hemisphere winter season and must use/activate physical Australian access media.,https://www.epicpass.com/regions/australia.aspx
Epic Pass,2026-2027,Heavenly,,full_pass,,true,false,false,Full Epic Pass access modeled as unlimited and unrestricted at this Vail Resorts owned/operated destination for the 2026-2027 season; source page lists the resort among Epic Pass resort destinations. No full Epic Pass restricted peak dates modeled.,https://www.epicpass.com/pass-results/lift-ticket-promotion.aspx
Epic Pass,2026-2027,Hidden Valley Resort (PA),,full_pass,,true,false,false,Full Epic Pass access modeled as unlimited and unrestricted at this Vail Resorts owned/operated destination for the 2026-2027 season; source page lists the resort among Epic Pass resort destinations. No full Epic Pass restricted peak dates modeled.,https://www.epicpass.com/pass-results/lift-ticket-promotion.aspx
Epic Pass,2026-2027,Hidden Valley Ski Area (MO),,full_pass,,true,false,false,Full Epic Pass access modeled as unlimited and unrestricted at this Vail Resorts owned/operated destination for the 2026-2027 season; source page lists the resort among Epic Pass resort destinations. No full Epic Pass restricted peak dates modeled.,https://www.epicpass.com/pass-results/lift-ticket-promotion.aspx
Epic Pass,2026-2027,Hotham,,full_pass,,true,false,false,Full Epic Pass access modeled as unlimited and unrestricted at this Australian Vail Resorts destination; official Epic Australia page states 2026/27 Epic Pass holders have access in the 2027 Southern Hemisphere winter season and must use/activate physical Australian access media.,https://www.epicpass.com/regions/australia.aspx
Epic Pass,2026-2027,Hunter Mountain,,full_pass,,true,false,false,Full Epic Pass access modeled as unlimited and unrestricted at this Vail Resorts owned/operated destination for the 2026-2027 season; source page lists the resort among Epic Pass resort destinations. No full Epic Pass restricted peak dates modeled.,https://www.epicpass.com/pass-results/lift-ticket-promotion.aspx
Epic Pass,2026-2027,Jack Frost,,full_pass,,true,false,false,Full Epic Pass access modeled as unlimited and unrestricted at this Vail Resorts owned/operated destination for the 2026-2027 season; source page lists the resort among Epic Pass resort destinations. No full Epic Pass restricted peak dates modeled.,https://www.epicpass.com/pass-results/lift-ticket-promotion.aspx
Epic Pass,2026-2027,Keystone,,full_pass,,true,false,false,Full Epic Pass access modeled as unlimited and unrestricted at this Vail Resorts owned/operated destination for the 2026-2027 season; source page lists the resort among Epic Pass resort destinations. No full Epic Pass restricted peak dates modeled.,https://www.epicpass.com/pass-results/lift-ticket-promotion.aspx
Epic Pass,2026-2027,Kirkwood,,full_pass,,true,false,false,Full Epic Pass access modeled as unlimited and unrestricted at this Vail Resorts owned/operated destination for the 2026-2027 season; source page lists the resort among Epic Pass resort destinations. No full Epic Pass restricted peak dates modeled.,https://www.epicpass.com/pass-results/lift-ticket-promotion.aspx
Epic Pass,2026-2027,Laurel Mountain,,full_pass,,true,false,false,Full Epic Pass access modeled as unlimited and unrestricted at this Vail Resorts owned/operated destination for the 2026-2027 season; source page lists the resort among Epic Pass resort destinations. No full Epic Pass restricted peak dates modeled.,https://www.epicpass.com/pass-results/lift-ticket-promotion.aspx
Epic Pass,2026-2027,Liberty Mountain Resort,,full_pass,,true,false,false,Full Epic Pass access modeled as unlimited and unrestricted at this Vail Resorts owned/operated destination for the 2026-2027 season; source page lists the resort among Epic Pass resort destinations. No full Epic Pass restricted peak dates modeled.,https://www.epicpass.com/pass-results/lift-ticket-promotion.aspx
Epic Pass,2026-2027,Mad River Mountain,,full_pass,,true,false,false,Full Epic Pass access modeled as unlimited and unrestricted at this Vail Resorts owned/operated destination for the 2026-2027 season; source page lists the resort among Epic Pass resort destinations. No full Epic Pass restricted peak dates modeled.,https://www.epicpass.com/pass-results/lift-ticket-promotion.aspx
Epic Pass,2026-2027,Mount Snow,,full_pass,,true,false,false,Full Epic Pass access modeled as unlimited and unrestricted at this Vail Resorts owned/operated destination for the 2026-2027 season; source page lists the resort among Epic Pass resort destinations. No full Epic Pass restricted peak dates modeled.,https://www.epicpass.com/pass-results/lift-ticket-promotion.aspx
Epic Pass,2026-2027,Mount Sunapee,,full_pass,,true,false,false,Full Epic Pass access modeled as unlimited and unrestricted at this Vail Resorts owned/operated destination for the 2026-2027 season; source page lists the resort among Epic Pass resort destinations. No full Epic Pass restricted peak dates modeled.,https://www.epicpass.com/pass-results/lift-ticket-promotion.aspx
Epic Pass,2026-2027,Mt Brighton,,full_pass,,true,false,false,Full Epic Pass access modeled as unlimited and unrestricted at this Vail Resorts owned/operated destination for the 2026-2027 season; source page lists the resort among Epic Pass resort destinations. No full Epic Pass restricted peak dates modeled.,https://www.epicpass.com/pass-results/lift-ticket-promotion.aspx
Epic Pass,2026-2027,Northstar California,,full_pass,,true,false,false,Full Epic Pass access modeled as unlimited and unrestricted at this Vail Resorts owned/operated destination for the 2026-2027 season; source page lists the resort among Epic Pass resort destinations. No full Epic Pass restricted peak dates modeled.,https://www.epicpass.com/pass-results/lift-ticket-promotion.aspx
Epic Pass,2026-2027,Okemo,,full_pass,,true,false,false,Full Epic Pass access modeled as unlimited and unrestricted at this Vail Resorts owned/operated destination for the 2026-2027 season; source page lists the resort among Epic Pass resort destinations. No full Epic Pass restricted peak dates modeled.,https://www.epicpass.com/pass-results/lift-ticket-promotion.aspx
Epic Pass,2026-2027,Paoli Peaks,,full_pass,,true,false,false,Full Epic Pass access modeled as unlimited and unrestricted at this Vail Resorts owned/operated destination for the 2026-2027 season; source page lists the resort among Epic Pass resort destinations. No full Epic Pass restricted peak dates modeled.,https://www.epicpass.com/pass-results/lift-ticket-promotion.aspx
Epic Pass,2026-2027,Park City Mountain,,full_pass,,true,false,false,Epic Pass lists Park City among unlimited-access resorts for the 2026-2027 season; Epic Pass itself has no restricted peak dates.,https://www.epicpass.com/pass-results/lift-ticket-promotion.aspx
Epic Pass,2026-2027,Perisher,,full_pass,,true,false,false,Full Epic Pass access modeled as unlimited and unrestricted at this Australian Vail Resorts destination; official Epic Australia page states 2026/27 Epic Pass holders have access in the 2027 Southern Hemisphere winter season and must use/activate physical Australian access media.,https://www.epicpass.com/regions/australia.aspx
Epic Pass,2026-2027,Roundtop Mountain Resort,,full_pass,,true,false,false,Full Epic Pass access modeled as unlimited and unrestricted at this Vail Resorts owned/operated destination for the 2026-2027 season; source page lists the resort among Epic Pass resort destinations. No full Epic Pass restricted peak dates modeled.,https://www.epicpass.com/pass-results/lift-ticket-promotion.aspx
Epic Pass,2026-2027,Rusutsu Resort,,full_pass,5,false,false,false,Official Epic Rusutsu page states Epic Pass holders receive five unrestricted consecutive days with no restricted peak dates; ticket-window validation required.,https://www.epicpass.com/regions/japan/rusutsu-resort.aspx
Epic Pass,2026-2027,Seven Springs,,full_pass,,true,false,false,Full Epic Pass access modeled as unlimited and unrestricted at this Vail Resorts owned/operated destination for the 2026-2027 season; source page lists the resort among Epic Pass resort destinations. No full Epic Pass restricted peak dates modeled.,https://www.epicpass.com/pass-results/lift-ticket-promotion.aspx
Epic Pass,2026-2027,Silvretta Montafon,,full_pass,5,false,false,false,Official Epic partner page states Epic Pass includes 5 consecutive days at Silvretta Montafon in Austria.,https://www.epicpass.com/regions/partner-resorts.aspx
Epic Pass,2026-2027,Snow Creek,,full_pass,,true,false,false,Full Epic Pass access modeled as unlimited and unrestricted at this Vail Resorts owned/operated destination for the 2026-2027 season; source page lists the resort among Epic Pass resort destinations. No full Epic Pass restricted peak dates modeled.,https://www.epicpass.com/pass-results/lift-ticket-promotion.aspx
Epic Pass,2026-2027,Stevens Pass,,full_pass,,true,false,false,Full Epic Pass access modeled as unlimited and unrestricted at this Vail Resorts owned/operated destination for the 2026-2027 season; source page lists the resort among Epic Pass resort destinations. No full Epic Pass restricted peak dates modeled.,https://www.epicpass.com/pass-results/lift-ticket-promotion.aspx
Epic Pass,2026-2027,Stowe,,full_pass,,true,false,false,Full Epic Pass access modeled as unlimited and unrestricted at this Vail Resorts owned/operated destination for the 2026-2027 season; source page lists the resort among Epic Pass resort destinations. No full Epic Pass restricted peak dates modeled.,https://www.epicpass.com/pass-results/lift-ticket-promotion.aspx
Epic Pass,2026-2027,Sölden,,full_pass,5,false,false,false,Official Epic partner page states Epic Pass includes 5 days at Sölden in Austria.,https://www.epicpass.com/regions/partner-resorts.aspx
Epic Pass,2026-2027,Telluride,,full_pass,7,false,false,false,Official Epic Telluride page states Epic Pass holders receive up to seven days at Telluride; no reservations required; physical Epic Pass card needed for direct-to-lift access.,https://www.epicpass.com/regions/us/rockies/telluride.aspx
Epic Pass,2026-2027,Vail,,full_pass,,true,false,false,Epic Pass lists Vail among unlimited-access resorts for the 2026-2027 season; Epic Pass itself has no restricted peak dates.,https://www.epicpass.com/pass-results/lift-ticket-promotion.aspx
Epic Pass,2026-2027,Whitetail Resort,,full_pass,,true,false,false,Full Epic Pass access modeled as unlimited and unrestricted at this Vail Resorts owned/operated destination for the 2026-2027 season; source page lists the resort among Epic Pass resort destinations. No full Epic Pass restricted peak dates modeled.,https://www.epicpass.com/pass-results/lift-ticket-promotion.aspx
Epic Pass,2026-2027,Wildcat Mountain,,full_pass,,true,false,false,Full Epic Pass access modeled as unlimited and unrestricted at this Vail Resorts owned/operated destination for the 2026-2027 season; source page lists the resort among Epic Pass resort destinations. No full Epic Pass restricted peak dates modeled.,https://www.epicpass.com/pass-results/lift-ticket-promotion.aspx
Epic Pass,2026-2027,Wilmot Mountain,,full_pass,,true,false,false,Full Epic Pass access modeled as unlimited and unrestricted at this Vail Resorts owned/operated destination for the 2026-2027 season; source page lists the resort among Epic Pass resort destinations. No full Epic Pass restricted peak dates modeled.,https://www.epicpass.com/pass-results/lift-ticket-promotion.aspx
Ikon Pass,2026-2027,,Alta - Snowbird,full_pass,7,false,false,false,Official Ikon FAQ: full Ikon Pass holders get 7 days combined between Alta Ski Area and Snowbird with no blackouts.,https://www.ikonpass.com/en/faq
Ikon Pass,2026-2027,,Aspen Snowmass,full_pass,7,false,false,false,"Access is 7 shared days across Aspen Mountain, Snowmass, Aspen Highlands, and Buttermilk under the Aspen Snowmass marketed destination; 2026-2027 reservation status should be rechecked before production use.",https://www.ikonpass.com/en/destinations/aspen-snowmass/
Ikon Pass,2026-2027,,Big Bear Mountain Resort,full_pass,,true,false,false,Full Ikon Pass access modeled as unlimited with no blackout dates for the 2026-2027 season. Access is targeted to the marketed/shared-access destination because days apply across member mountains/base areas rather than separately per physical resort.,https://www.ikonpass.com/en/destinations
Ikon Pass,2026-2027,,Chamonix Mont-Blanc Valley,full_pass,7,false,false,false,Full Ikon Pass access modeled as 7 days with no blackout dates for the 2026-2027 season. Access is targeted to the marketed/shared-access destination because days apply across member mountains/base areas rather than separately per physical resort.,https://www.ikonpass.com/en/destinations
Ikon Pass,2026-2027,,"Coronet Peak, The Remarkables, Mt Hutt",full_pass,7,false,false,false,Full Ikon Pass access modeled as 7 days with no blackout dates for the 2026-2027 season. Access is targeted to the marketed/shared-access destination because days apply across member mountains/base areas rather than separately per physical resort.,https://www.ikonpass.com/en/destinations
Ikon Pass,2026-2027,,Dolomiti Superski,full_pass,7,false,false,false,Full Ikon Pass access modeled as 7 days with no blackout dates for the 2026-2027 season. Access is targeted to the marketed/shared-access destination because days apply across member mountains/base areas rather than separately per physical resort. Ikon FAQ notes Dolomiti Superski access applies November 15-April 15 and Italy requires liability insurance.,https://www.ikonpass.com/en/destinations
Ikon Pass,2026-2027,,Grandvalira Resorts Andorra,full_pass,7,false,false,false,Full Ikon Pass access modeled as 7 days with no blackout dates for the 2026-2027 season. Access is targeted to the marketed/shared-access destination because days apply across member mountains/base areas rather than separately per physical resort.,https://www.ikonpass.com/en/destinations
Ikon Pass,2026-2027,,Killington - Pico,full_pass,7,false,false,false,Full Ikon Pass access modeled as 7 days with no blackout dates for the 2026-2027 season. Access is targeted to the marketed/shared-access destination because days apply across member mountains/base areas rather than separately per physical resort.,https://www.ikonpass.com/en/destinations
Ikon Pass,2026-2027,,Niseko United,full_pass,7,false,false,false,Full Ikon Pass access modeled as 7 days with no blackout dates for the 2026-2027 season. Access is targeted to the marketed/shared-access destination because days apply across member mountains/base areas rather than separately per physical resort.,https://www.ikonpass.com/en/destinations
Ikon Pass,2026-2027,,Palisades Tahoe,full_pass,,true,false,false,Palisades Tahoe official site says 2026-2027 Ikon Pass includes unlimited access shared across Palisades Tahoe/Olympic Valley and Alpine Meadows.,https://www.palisadestahoe.com/plan-your-visit/lift-tickets-season-pass/ikon-pass
Ikon Pass,2026-2027,,Shiga Kogen Mountain Resort,full_pass,7,false,false,false,Full Ikon Pass access modeled as 7 days with no blackout dates for the 2026-2027 season. Access is targeted to the marketed/shared-access destination because days apply across member mountains/base areas rather than separately per physical resort.,https://www.ikonpass.com/en/destinations
Ikon Pass,2026-2027,,SkiBig3,full_pass,7,false,false,false,Full Ikon Pass access modeled as 7 days with no blackout dates for the 2026-2027 season. Access is targeted to the marketed/shared-access destination because days apply across member mountains/base areas rather than separately per physical resort.,https://www.ikonpass.com/en/destinations
Ikon Pass,2026-2027,,St. Moritz,full_pass,7,false,false,false,Full Ikon Pass access modeled as 7 days with no blackout dates for the 2026-2027 season. Access is targeted to the marketed/shared-access destination because days apply across member mountains/base areas rather than separately per physical resort.,https://www.ikonpass.com/en/destinations
Ikon Pass,2026-2027,,Sun Valley,full_pass,7,false,false,false,Full Ikon Pass access modeled as 7 days with no blackout dates for the 2026-2027 season. Access is targeted to the marketed/shared-access destination because days apply across member mountains/base areas rather than separately per physical resort.,https://www.ikonpass.com/en/destinations
Ikon Pass,2026-2027,,The Summit at Snoqualmie,full_pass,7,false,false,false,Full Ikon Pass access modeled as 7 days with no blackout dates for the 2026-2027 season. Access is targeted to the marketed/shared-access destination because days apply across member mountains/base areas rather than separately per physical resort.,https://www.ikonpass.com/en/destinations
Ikon Pass,2026-2027,,Valle d’Aosta,full_pass,7,false,false,false,Full Ikon Pass access modeled as 7 days with no blackout dates for the 2026-2027 season. Access is targeted to the marketed/shared-access destination because days apply across member mountains/base areas rather than separately per physical resort. Ikon FAQ notes cross-border Zermatt/Cervinia use may deduct one day from both separate destinations if crossing on the same ski day.,https://www.ikonpass.com/en/destinations
Ikon Pass,2026-2027,APPI Resort,,full_pass,7,false,false,false,Full Ikon Pass access modeled as 7 days with no blackout dates for the 2026-2027 season.,https://www.ikonpass.com/en/destinations
Ikon Pass,2026-2027,Alyeska Resort,,full_pass,7,false,false,false,Full Ikon Pass access modeled as 7 days with no blackout dates for the 2026-2027 season.,https://www.ikonpass.com/en/destinations
Ikon Pass,2026-2027,Arai Mountain Resort,,full_pass,7,false,false,false,Full Ikon Pass access modeled as 7 days with no blackout dates for the 2026-2027 season.,https://www.ikonpass.com/en/destinations
Ikon Pass,2026-2027,Arapahoe Basin,,full_pass,,true,false,false,Full Ikon Pass access modeled as unlimited with no blackout dates for the 2026-2027 season.,https://www.ikonpass.com/en/destinations
Ikon Pass,2026-2027,Big Sky Resort,,full_pass,7,false,false,false,Big Sky official Ikon page currently documents Ikon Pass as 7 days with no blackouts for winter 2025-2026; 2026-2027 access should be rechecked when Big Sky publishes final 2026-2027 Ikon terms.,https://www.bigskyresort.com/ikon-pass
Ikon Pass,2026-2027,Blue Mountain,,full_pass,,true,false,false,Full Ikon Pass access modeled as unlimited with no blackout dates for the 2026-2027 season.,https://www.ikonpass.com/en/destinations
Ikon Pass,2026-2027,Blue Mountain Resort,,full_pass,7,false,false,false,Full Ikon Pass access modeled as 7 days with no blackout dates for the 2026-2027 season.,https://www.ikonpass.com/en/destinations
Ikon Pass,2026-2027,Boyne Mountain,,full_pass,7,false,false,false,Full Ikon Pass access modeled as 7 days with no blackout dates for the 2026-2027 season.,https://www.ikonpass.com/en/destinations
Ikon Pass,2026-2027,Brighton,,full_pass,7,false,false,false,Full Ikon Pass access modeled as 7 days with no blackout dates for the 2026-2027 season.,https://www.ikonpass.com/en/destinations
Ikon Pass,2026-2027,Camelback Resort,,full_pass,7,false,false,false,Full Ikon Pass access modeled as 7 days with no blackout dates for the 2026-2027 season.,https://www.ikonpass.com/en/destinations
Ikon Pass,2026-2027,Copper Mountain,,full_pass,,true,false,false,Full Ikon Pass access modeled as unlimited with no blackout dates for the 2026-2027 season.,https://www.ikonpass.com/en/destinations
Ikon Pass,2026-2027,Crystal Mountain Resort,,full_pass,,true,false,false,Full Ikon Pass access modeled as unlimited with no blackout dates for the 2026-2027 season.,https://www.ikonpass.com/en/destinations
Ikon Pass,2026-2027,Cypress Mountain,,full_pass,7,false,false,false,Full Ikon Pass access modeled as 7 days with no blackout dates for the 2026-2027 season.,https://www.ikonpass.com/en/destinations
Ikon Pass,2026-2027,Deer Valley Resort,,full_pass,7,false,true,false,"Deer Valley official season pass page says Ikon Pass gets 7 days at Deer Valley, no blackout dates, and reservations are required.",https://www.deervalley.com/plan-your-trip/tickets-and-passes/unlimited-pass
Ikon Pass,2026-2027,Eldora Mountain Resort,,full_pass,,true,false,false,Full Ikon Pass access modeled as unlimited with no blackout dates for the 2026-2027 season.,https://www.ikonpass.com/en/destinations
Ikon Pass,2026-2027,Furano Ski Resort,,full_pass,7,false,false,false,Full Ikon Pass access modeled as 7 days with no blackout dates for the 2026-2027 season.,https://www.ikonpass.com/en/destinations
Ikon Pass,2026-2027,Granite Peak Resort,,full_pass,7,false,false,false,Full Ikon Pass access modeled as 7 days with no blackout dates for the 2026-2027 season.,https://www.ikonpass.com/en/destinations
Ikon Pass,2026-2027,Ischgl,,full_pass,7,false,false,false,Full Ikon Pass access modeled as 7 days with no blackout dates for the 2026-2027 season.,https://www.ikonpass.com/en/destinations
Ikon Pass,2026-2027,Jackson Hole Mountain Resort,,full_pass,7,false,true,false,Jackson Hole official Ikon page says Jackson Hole is included only on full Ikon Pass and requires reservations; 7-day access should be rechecked against final 2026-2027 Ikon access details.,https://www.jacksonhole.com/ikon-pass
Ikon Pass,2026-2027,June Mountain,,full_pass,,true,false,false,Full Ikon Pass access modeled as unlimited with no blackout dates for the 2026-2027 season.,https://www.ikonpass.com/en/destinations
Ikon Pass,2026-2027,Kitzbühel,,full_pass,7,false,false,false,Full Ikon Pass access modeled as 7 days with no blackout dates for the 2026-2027 season.,https://www.ikonpass.com/en/destinations
Ikon Pass,2026-2027,Le Massif de Charlevoix,,full_pass,7,false,false,false,Full Ikon Pass access modeled as 7 days with no blackout dates for the 2026-2027 season.,https://www.ikonpass.com/en/destinations
Ikon Pass,2026-2027,Loon Mountain,,full_pass,7,false,false,false,Full Ikon Pass access modeled as 7 days with no blackout dates for the 2026-2027 season.,https://www.ikonpass.com/en/destinations
Ikon Pass,2026-2027,Lutsen Mountains,,full_pass,7,false,false,false,Full Ikon Pass access modeled as 7 days with no blackout dates for the 2026-2027 season.,https://www.ikonpass.com/en/destinations
Ikon Pass,2026-2027,Mammoth Mountain,,full_pass,,true,false,false,Full Ikon Pass access modeled as unlimited at Mammoth Mountain; Ikon Base/Session blackout and day limits are not represented in this row.,https://www.mammothmountain.com/plan-your-trip/season-passes/ikon-pass
Ikon Pass,2026-2027,Megève Ski Area,,full_pass,7,false,false,false,Full Ikon Pass access modeled as 7 days with no blackout dates for the 2026-2027 season.,https://www.ikonpass.com/en/destinations
Ikon Pass,2026-2027,Mona Yongpyong,,full_pass,7,false,false,false,Full Ikon Pass access modeled as 7 days with no blackout dates for the 2026-2027 season.,https://www.ikonpass.com/en/destinations
Ikon Pass,2026-2027,Mt Buller,,full_pass,7,false,false,false,Full Ikon Pass access modeled as 7 days with no blackout dates for the 2026-2027 season.,https://www.ikonpass.com/en/destinations
Ikon Pass,2026-2027,Mt. Bachelor,,full_pass,7,false,false,false,Full Ikon Pass access modeled as 7 days with no blackout dates for the 2026-2027 season.,https://www.ikonpass.com/en/destinations
Ikon Pass,2026-2027,Mt.T,,full_pass,7,false,false,false,Full Ikon Pass access modeled as 7 days with no blackout dates for the 2026-2027 season.,https://www.ikonpass.com/en/destinations
Ikon Pass,2026-2027,Myoko Suginohara Ski Resort,,full_pass,7,false,false,false,Full Ikon Pass access modeled as 7 days with no blackout dates for the 2026-2027 season.,https://www.ikonpass.com/en/destinations
Ikon Pass,2026-2027,Nekoma Mountain,,full_pass,7,false,false,false,Full Ikon Pass access modeled as 7 days with no blackout dates for the 2026-2027 season.,https://www.ikonpass.com/en/destinations
Ikon Pass,2026-2027,Panorama,,full_pass,7,false,false,false,Full Ikon Pass access modeled as 7 days with no blackout dates for the 2026-2027 season.,https://www.ikonpass.com/en/destinations
Ikon Pass,2026-2027,RED Mountain,,full_pass,7,false,false,false,Full Ikon Pass access modeled as 7 days with no blackout dates for the 2026-2027 season.,https://www.ikonpass.com/en/destinations
Ikon Pass,2026-2027,Revelstoke Mountain Resort,,full_pass,7,false,false,false,Full Ikon Pass access modeled as 7 days with no blackout dates for the 2026-2027 season.,https://www.ikonpass.com/en/destinations
Ikon Pass,2026-2027,Schweitzer,,full_pass,,true,false,false,Full Ikon Pass access modeled as unlimited with no blackout dates for the 2026-2027 season.,https://www.ikonpass.com/en/destinations
Ikon Pass,2026-2027,Sierra-at-Tahoe,,full_pass,7,false,false,false,Full Ikon Pass access modeled as 7 days with no blackout dates for the 2026-2027 season.,https://www.ikonpass.com/en/destinations
Ikon Pass,2026-2027,SilverStar Mountain,,full_pass,7,false,false,false,Full Ikon Pass access modeled as 7 days with no blackout dates for the 2026-2027 season.,https://www.ikonpass.com/en/destinations
Ikon Pass,2026-2027,Snow Valley,,full_pass,,true,false,false,Full Ikon Pass access modeled as unlimited with no blackout dates for the 2026-2027 season.,https://www.ikonpass.com/en/destinations
Ikon Pass,2026-2027,Snowbasin,,full_pass,7,false,false,false,Full Ikon Pass access modeled as 7 days with no blackout dates for the 2026-2027 season.,https://www.ikonpass.com/en/destinations
Ikon Pass,2026-2027,Snowriver Mountain Resort,,full_pass,7,false,false,false,Full Ikon Pass access modeled as 7 days with no blackout dates for the 2026-2027 season.,https://www.ikonpass.com/en/destinations
Ikon Pass,2026-2027,Snowshoe Mountain,,full_pass,,true,false,false,Full Ikon Pass access modeled as unlimited with no blackout dates for the 2026-2027 season.,https://www.ikonpass.com/en/destinations
Ikon Pass,2026-2027,Solitude Mountain Resort,,full_pass,,true,false,false,Full Ikon Pass access modeled as unlimited with no blackout dates for the 2026-2027 season.,https://www.ikonpass.com/en/destinations
Ikon Pass,2026-2027,Steamboat,,full_pass,,true,false,false,Steamboat official Ikon page says 2026-2027 Ikon Pass gets unlimited access at Steamboat; Ikon Base Pass gets up to 5 days.,https://www.steamboat.com/plan-your-trip/lift-tickets-ski-pass/ikon-pass
Ikon Pass,2026-2027,Stratton,,full_pass,,true,false,false,Full Ikon Pass access modeled as unlimited with no blackout dates for the 2026-2027 season.,https://www.ikonpass.com/en/destinations
Ikon Pass,2026-2027,Sugarbush Resort,,full_pass,,true,false,false,Full Ikon Pass access modeled as unlimited with no blackout dates for the 2026-2027 season.,https://www.ikonpass.com/en/destinations
Ikon Pass,2026-2027,Sugarloaf,,full_pass,7,false,false,false,Full Ikon Pass access modeled as 7 days with no blackout dates for the 2026-2027 season.,https://www.ikonpass.com/en/destinations
Ikon Pass,2026-2027,Sun Peaks Resort,,full_pass,7,false,false,false,Full Ikon Pass access modeled as 7 days with no blackout dates for the 2026-2027 season.,https://www.ikonpass.com/en/destinations
Ikon Pass,2026-2027,Sunday River,,full_pass,7,false,false,false,Full Ikon Pass access modeled as 7 days with no blackout dates for the 2026-2027 season.,https://www.ikonpass.com/en/destinations
Ikon Pass,2026-2027,Taos Ski Valley,,full_pass,7,false,false,false,Full Ikon Pass access modeled as 7 days with no blackout dates for the 2026-2027 season.,https://www.ikonpass.com/en/destinations
Ikon Pass,2026-2027,The Highlands,,full_pass,7,false,false,false,Full Ikon Pass access modeled as 7 days with no blackout dates for the 2026-2027 season.,https://www.ikonpass.com/en/destinations
Ikon Pass,2026-2027,Thredbo,,full_pass,7,false,false,false,Full Ikon Pass access modeled as 7 days with no blackout dates for the 2026-2027 season.,https://www.ikonpass.com/en/destinations
Ikon Pass,2026-2027,Tremblant,,full_pass,,true,false,false,Full Ikon Pass access modeled as unlimited with no blackout dates for the 2026-2027 season.,https://www.ikonpass.com/en/destinations
Ikon Pass,2026-2027,Valle Nevado,,full_pass,7,false,false,false,Full Ikon Pass access modeled as 7 days with no blackout dates for the 2026-2027 season.,https://www.ikonpass.com/en/destinations
Ikon Pass,2026-2027,Winter Park Resort,,full_pass,,true,false,false,Full Ikon Pass access modeled as unlimited with no blackout dates for the 2026-2027 season.,https://www.ikonpass.com/en/destinations
Ikon Pass,2026-2027,Yunding Snow Park,,full_pass,7,false,false,false,Full Ikon Pass access modeled as 7 days with no blackout dates for the 2026-2027 season.,https://www.ikonpass.com/en/destinations
Ikon Pass,2026-2027,Zao Onsen Ski Resort,,full_pass,7,false,false,false,Full Ikon Pass access modeled as 7 days with no blackout dates for the 2026-2027 season.,https://www.ikonpass.com/en/destinations
Ikon Pass,2026-2027,Zermatt Matterhorn,,full_pass,7,false,false,false,Full Ikon Pass access modeled as 7 days with no blackout dates for the 2026-2027 season. Ikon FAQ notes cross-border Zermatt/Cervinia use may deduct one day from both separate destinations if crossing on the same ski day.,https://www.ikonpass.com/en/destinations
