resort_name,image_url,image_type,image_credit,image_source_url,source_notes
3 Peaks Dolomites,https://www.dolomitisuperski.com/.resources/dss/webresources/dss/img/dolomiti-superski-logo.svg,logo,Official source: Dolomiti Superski,https://www.dolomitisuperski.com/en/areas/tre-cime-dolomiti,Official Dolomiti Superski logo from the official Dolomiti Superski site; used for this member-region row because the source site markets the area within the shared Dolomiti Superski destination. No image file was downloaded.
ABLE Hakuba Goryu Snow Resort,https://www.hakubavalley.com/cms/wp-content/themes/hv_themes/common/img/logo-wht.svg,logo,Official source: hakubavalley.com,https://www.hakubavalley.com/,Chosen from the official resort/operator page in data/resorts.csv (site image element identified as logo/brand); no image file was downloaded.
APPI Resort,https://www.appi.co.jp/snow-mountain-resort/assets/img/common/logo.svg,logo,Official source: appi.co.jp,https://www.appi.co.jp/snow-mountain-resort/,Chosen from the official resort/operator page in data/resorts.csv (site image element identified as logo/brand); no image file was downloaded.
Afton Alps,https://scene7.vailresorts.com/is/image/vailresorts/20210211_aa_beran_023%3AProduct-Cards-Landing?h=668&resMode=sharp2&w=1002,mountain_photo,Official source: Epic Pass / Vail Resorts,https://www.epicpass.com/regions/us/midwest.aspx,Official Epic Pass regional destination card image for this resort; used because the resort homepage returned a maintenance/bot-response page during automated research. No image file was downloaded.
Alpe Cimbra Folgaria Lavarone,https://www.skirama.it/files/getbyname/logo.png?WebbinsCacheVersion=2,logo,Official source: skirama.it,https://www.skirama.it/it,Chosen from the official resort/operator page in data/resorts.csv (site image element identified as logo/brand); no image file was downloaded.
Alpe Lusia – San Pellegrino,https://www.dolomitisuperski.com/.resources/dss/webresources/dss/img/dolomiti-superski-logo.svg,logo,Official source: Dolomiti Superski,https://www.dolomitisuperski.com/en/areas/alpe-lusia-san-pellegrino,Official Dolomiti Superski logo from the official Dolomiti Superski site; used for this member-region row because the source site markets the area within the shared Dolomiti Superski destination. No image file was downloaded.
Alpental,https://cdn.sanity.io/images/8ts88bij/summit/4b8d9380734ba35657c986d9a17f55f725c3ebe2-229x60.svg?w=229&h=60&q=70&fit=min&auto=format,logo,Official source: summitatsnoqualmie.com,https://www.summitatsnoqualmie.com/alpental,Chosen from the official resort/operator page in data/resorts.csv (site image element identified as logo/brand); no image file was downloaded.
Alpine Meadows,https://www.palisadestahoe.com/-/media/shaka_lockups_rgb_small_horizontal_black/shaka_lockups_rgb_alpine_horizontal_black-100x50/shaka_lockups_rgb_primary_horizontal_black-100x50.png?rev=5914f0287fdf4b32afcb5e7c70668a03&h=50&w=100&hash=7F191F99E1C5F55F2C73806C3F5A2826,logo,Official source: Palisades Tahoe,https://www.palisadestahoe.com/,"Updated after review found the prior image was a YETI sponsor/footer logo, not an Alpine Meadows resort logo; official Palisades Tahoe page references this Alpine lockup asset. No image file was downloaded."
Alpine Valley (OH),https://scene7.vailresorts.com/is/image/vailresorts/20210303_AV_Linck--11%3AProduct-Cards-Landing?h=668&resMode=sharp2&w=1002,mountain_photo,Official source: Epic Pass / Vail Resorts,https://www.epicpass.com/regions/us/midwest.aspx,Official Epic Pass regional destination card image for this resort; used because the resort homepage returned a maintenance/bot-response page during automated research. No image file was downloaded.
Alta Badia,https://www.dolomitisuperski.com/.resources/dss/webresources/dss/img/dolomiti-superski-logo.svg,logo,Official source: Dolomiti Superski,https://www.dolomitisuperski.com/en/areas/alta-badia,Official Dolomiti Superski logo from the official Dolomiti Superski site; used for this member-region row because the source site markets the area within the shared Dolomiti Superski destination. No image file was downloaded.
Alta Ski Area,https://www.alta.com/icons/apple-touch-icon.png,logo,Official source: alta.com,https://www.alta.com/ikon,Chosen from the official resort/operator page in data/resorts.csv (link rel=apple-touch-icon); no image file was downloaded.
Alyeska Resort,"https://static.wixstatic.com/media/407044_f8ba91039a4849579b8fa398a7603449~mv2.jpg/v1/fill/w_205,h_206,q_90,enc_avif,quality_auto/407044_f8ba91039a4849579b8fa398a7603449~mv2.jpg",mountain_photo,Official/authorized press source: Alyeska Resort / REYA Communications,https://www.reyacommunications.com/releases/alyeska-resort-ikon-pass,Authorized REYA Communications release for Alyeska Resort joining Ikon includes this Alyeska Resort winter image and links to an Alyeska press center. No image file was downloaded.
Andermatt-Sedrun-Disentis,https://images.contenthub.dev/u5sjtnkypgsp/cb85fa41f2f1bffc3ac096ed8de03f51/Skifahren%20&%20Snowboarden.jpg?w=630,mountain_photo,Official source: Andermatt+Sedrun+Disentis / Disentis Sedrun,https://www.andermatt-sedrun-disentis.ch/disentis-sedrun/en/pages/skiing-snowboarding,Official Andermatt+Sedrun+Disentis skiing/snowboarding page uses this Open Graph mountain image for the ski area. No image file was downloaded.
Annupuri,https://www.niseko.ne.jp/en/wp-content/themes/niseko2019_p2/images/brand_annupuri_off.png,logo,Official source: niseko.ne.jp,https://www.niseko.ne.jp/en/,Chosen from the official resort/operator page in data/resorts.csv (site image element identified as logo/brand); no image file was downloaded.
Arabba/Marmolada,https://www.dolomitisuperski.com/.resources/dss/webresources/dss/img/dolomiti-superski-logo.svg,logo,Official source: Dolomiti Superski,https://www.dolomitisuperski.com/en/areas/arabba-marmolada,Official Dolomiti Superski logo from the official Dolomiti Superski site; used for this member-region row because the source site markets the area within the shared Dolomiti Superski destination. No image file was downloaded.
Arai Mountain Resort,"https://res.cloudinary.com/jnto/image/upload/w_750,h_750,c_fill,f_auto,fl_lossy,q_auto/v1/media/filer_public/5b/fe/5bfe85a2-5bcf-41b5-bf76-e61f92d045d9/2800_1000_recommen_lotte_elgcic",mountain_photo,Official tourism source: Japan Travel / JNTO,https://www.japan.travel/en/sports/snow/top-recommendations/lotte-arai-resort/,Japan Travel Lotte Arai Resort key image with proper image/jpeg response; replaces a press-release resort-building/base facade image with a more descriptive mountain/snow resort image. No image file was downloaded.
Arapahoe Basin,https://www.arapahoebasin.com/img/abasinlogo.svg,logo,Official source: arapahoebasin.com,https://www.arapahoebasin.com/,Chosen from the official resort/operator page in data/resorts.csv (site image element identified as logo/brand); no image file was downloaded.
Aspen Highlands,https://www.aspensnowmass.com/-/media/aspen-snowmass/images/footer/partner-links/asc-logo_byaspenone_black.png,logo,Official source: aspensnowmass.com,https://www.aspensnowmass.com/four-mountains/aspen-highlands,Chosen from the official resort/operator page in data/resorts.csv (site image element identified as logo/brand); no image file was downloaded.
Aspen Mountain,https://www.aspensnowmass.com/-/media/aspen-snowmass/images/footer/partner-links/asc-logo_byaspenone_black.png,logo,Official source: aspensnowmass.com,https://www.aspensnowmass.com/four-mountains/aspen-mountain,Chosen from the official resort/operator page in data/resorts.csv (site image element identified as logo/brand); no image file was downloaded.
Attitash Mountain,https://scene7.vailresorts.com/is/image/vailresorts/20230107_AT_Molla_003%3AProduct-Cards-Landing?h=668&resMode=sharp2&w=1002,mountain_photo,Official source: Epic Pass / Vail Resorts,https://www.epicpass.com/regions/us/northeast.aspx,Official Epic Pass regional destination card image for this resort; used because the resort homepage returned a maintenance/bot-response page during automated research. No image file was downloaded.
Banff Sunshine,https://www.skibanff.com/wp-content/uploads/2025/09/banff-sunshine-logo.svg,logo,Official source: skibanff.com,https://www.skibanff.com/,Chosen from the official resort/operator page in data/resorts.csv (JSON-LD logo); no image file was downloaded.
Bear Mountain,https://www.bigbearmountainresort.com/-/media/big-bear-mountain-resort-media/brand-assets/logos/2023-bbmr_combo_white-2400x1350.png,logo,Official source: bigbearmountainresort.com,https://www.bigbearmountainresort.com/,Chosen from the official resort/operator page in data/resorts.csv (JSON-LD logo); no image file was downloaded.
Beaver Creek,https://scene7.vailresorts.com/is/image/vailresorts/20191122_BC_Bowlin_045%3AProduct-Cards-Landing?h=668&resMode=sharp2&w=1002,mountain_photo,Official source: Epic Pass / Vail Resorts,https://www.epicpass.com/regions/us/rockies.aspx,Official Epic Pass regional destination card image for this resort; used because the resort homepage returned a maintenance/bot-response page during automated research. No image file was downloaded.
Big Boulder,https://scene7.vailresorts.com/is/image/vailresorts/20210809_JF_Social_Phase3_ResortPassReduction_Carousel_Frame3_1080x1080%3AProduct-Cards-Landing?h=668&resMode=sharp2&w=1002,mountain_photo,Official source: Epic Pass / Vail Resorts,https://www.epicpass.com/regions/us/mid-atlantic.aspx,Official Epic Pass regional destination card image for this resort; used because the resort homepage returned a maintenance/bot-response page during automated research. No image file was downloaded.
Big Sky Resort,https://cdn.sanity.io/images/8ts88bij/big-sky/af3b4941f0261c97fb19ab7fb40b65ba4293ab7f-80x100.svg?w=500&fit=min,logo,Official source: bigskyresort.com,https://www.bigskyresort.com/,Chosen from the official resort/operator page in data/resorts.csv (JSON-LD logo); no image file was downloaded.
Blackcomb Mountain,https://scene7.vailresorts.com/is/image/vailresorts/20240103_WB_Winton_018%3AEpic-Pass-Home-Page-Hero-Desktop?h=900&resMode=sharp2&w=3840,mountain_photo,Official source: Epic Pass / Vail Resorts,https://www.epicpass.com/regions/canada.aspx,Official Epic Pass Canada page hero image for Whistler Blackcomb; used for the component mountain row because access and marketing are shared. No image file was downloaded.
Blue Mountain,https://www.bluemountain.ca/-/media/blue-mountain/logos/blue-desktop.svg?h=56&iar=0&w=175&rev=b23a6aa8c90746e1b6aeca4df8fd27b4&hash=864380057930CA9082071EB161740E2B,logo,Official source: bluemountain.ca,https://www.bluemountain.ca/,Chosen from the official resort/operator page in data/resorts.csv (site image element identified as logo/brand); no image file was downloaded.
Blue Mountain Resort,https://www.skibluemt.com/wp-content/uploads/2022/05/white-logo.svg,logo,Official source: skibluemt.com,https://www.skibluemt.com/,Chosen from the official resort/operator page in data/resorts.csv (site image element identified as logo/brand); no image file was downloaded.
Boston Mills,https://scene7.vailresorts.com/is/image/vailresorts/20181209_BM_Conti_209%3AProduct-Cards-Landing?h=668&resMode=sharp2&w=1002,mountain_photo,Official source: Epic Pass / Vail Resorts,https://www.epicpass.com/regions/us/midwest.aspx,Official Epic Pass regional destination card image for this resort; used because the resort homepage returned a maintenance/bot-response page during automated research. No image file was downloaded.
Boyne Mountain,https://cdn.sanity.io/images/ud45da4u/boyne-mountain/66115fb708f8afb2b67beed8bf48742fc6a555c0-161x100.svg?w=500&fit=min,logo,Official source: boynemountain.com,https://www.boynemountain.com/,Chosen from the official resort/operator page in data/resorts.csv (JSON-LD logo); no image file was downloaded.
Brandywine,https://scene7.vailresorts.com/is/image/vailresorts/20181209_BM_Conti_209%3AProduct-Cards-Landing?h=668&resMode=sharp2&w=1002,mountain_photo,Official source: Epic Pass / Vail Resorts,https://www.epicpass.com/regions/us/midwest.aspx,Official Epic Pass regional destination card image for this resort; used because the resort homepage returned a maintenance/bot-response page during automated research. No image file was downloaded.
Breckenridge,https://scene7.vailresorts.com/is/image/vailresorts/20230306_BR_Maguire_002%3AProduct-Cards-Landing?h=668&resMode=sharp2&w=1002,mountain_photo,Official source: Epic Pass / Vail Resorts,https://www.epicpass.com/regions/us/rockies.aspx,Official Epic Pass regional destination card image for this resort; used because the resort homepage returned a maintenance/bot-response page during automated research. No image file was downloaded.
Brides-les-Bains,https://www.les3vallees.com/build/front/img/logo-les-3-vallees-white.svg,logo,Official source: les3vallees.com,https://www.les3vallees.com/fr,Chosen from the official resort/operator page in data/resorts.csv (site image element identified as logo/brand); no image file was downloaded.
Brighton,https://cdn.sanity.io/images/8ts88bij/brighton/a32dbaf9fde9a3e2d53e1f16a44681777f1f1edc-240x60.svg?w=500&fit=min,logo,Official source: brightonresort.com,https://www.brightonresort.com/,Chosen from the official resort/operator page in data/resorts.csv (JSON-LD logo); no image file was downloaded.
Buttermilk,https://www.aspensnowmass.com/-/media/aspen-snowmass/images/footer/partner-links/asc-logo_byaspenone_black.png,logo,Official source: aspensnowmass.com,https://www.aspensnowmass.com/four-mountains/buttermilk,Chosen from the official resort/operator page in data/resorts.csv (site image element identified as logo/brand); no image file was downloaded.
Camelback Resort,https://assets.milestoneinternet.com/peregrine-hospitality-parent/392939-camelback-resort/logos/camelback-resort-logo.svg,logo,Official source: camelbackresort.com,https://www.camelbackresort.com/,Chosen from the official resort/operator page in data/resorts.csv (site image element identified as logo/brand); no image file was downloaded.
Cervino Ski Paradise,https://www.skilife.ski/wp-content/themes/wequidTheme-child/images/logo.svg,logo,Official source: skilife.ski,https://www.skilife.ski/en/,Chosen from the official resort/operator page in data/resorts.csv (site image element identified as logo/brand); no image file was downloaded.
Chamonix Mont-Blanc Valley,https://www.datocms-assets.com/146703/1779178527-logo_cmb.png?fit=crop&w=64,logo,Official source: montblancnaturalresort.com,https://www.montblancnaturalresort.com/fr,Chosen from the official resort/operator page in data/resorts.csv (site image element identified as logo/brand); no image file was downloaded.
Civetta,https://www.dolomitisuperski.com/.resources/dss/webresources/dss/img/dolomiti-superski-logo.svg,logo,Official source: Dolomiti Superski,https://www.dolomitisuperski.com/en/areas/civetta,Official Dolomiti Superski logo from the official Dolomiti Superski site; used for this member-region row because the source site markets the area within the shared Dolomiti Superski destination. No image file was downloaded.
Copper Mountain,http://www.coppercolorado.com/favicon-32x32.png?v=af20e7df4ec9d6aad6f2bd3f23355ce2,logo,Official source: coppercolorado.com,http://www.coppercolorado.com/,Chosen from the official resort/operator page in data/resorts.csv (link rel=icon); no image file was downloaded.
Coronet Peak,"https://www.nzski.com/media/6774/coronet-peak-brand.jpg?center=0.529126213592233,0.36180904522613067&quality=90&width=1920&height=1080&mode=crop",logo,Official source: coronetpeak.co.nz,https://www.coronetpeak.co.nz/,Chosen from the official resort/operator page in data/resorts.csv (site image element identified as logo/brand); no image file was downloaded.
Cortina d’Ampezzo,https://www.dolomitisuperski.com/.resources/dss/webresources/dss/img/dolomiti-superski-logo.svg,logo,Official source: Dolomiti Superski,https://www.dolomitisuperski.com/en/areas/cortina-dampezzo,Official Dolomiti Superski logo from the official Dolomiti Superski site; used for this member-region row because the source site markets the area within the shared Dolomiti Superski destination. No image file was downloaded.
Courchevel,https://www.les3vallees.com/media/download/logo-courchevel-310px-large.png,logo,Official source: les3vallees.com,https://www.les3vallees.com/fr,Chosen from the official resort/operator page in data/resorts.csv (site image element identified as logo/brand); no image file was downloaded.
Courmayeur Mont Blanc,https://www.skilife.ski/wp-content/themes/wequidTheme-child/images/logo.svg,logo,Official source: skilife.ski,https://www.skilife.ski/en/,Chosen from the official resort/operator page in data/resorts.csv (site image element identified as logo/brand); no image file was downloaded.
Crans-Montana,https://www.crans-montana.ch/img_up/PHOTO_PR/4ea4dbedc3fdb9dc66f9da2095b9b99e.2023-ski-alpin-patrick-guller-59-800x600.jpg,mountain_photo,Official source: Crans-Montana; Patrick Guller filename credit,https://www.crans-montana.ch/en/ski,Official Crans-Montana Ski & Snowboard page uses this Open Graph ski-area image. No image file was downloaded.
Crested Butte,https://scene7.vailresorts.com/is/image/vailresorts/20200114_CB_Kozlowski_002%3AProduct-Cards-Landing?h=668&resMode=sharp2&w=1002,mountain_photo,Official source: Epic Pass / Vail Resorts,https://www.epicpass.com/regions/us/rockies.aspx,Official Epic Pass regional destination card image for this resort; used because the resort homepage returned a maintenance/bot-response page during automated research. No image file was downloaded.
Crotched Mountain,https://scene7.vailresorts.com/is/image/vailresorts/20210127_CR_Thoman_051%3AProduct-Cards-Landing?h=668&resMode=sharp2&w=1002,mountain_photo,Official source: Epic Pass / Vail Resorts,https://www.epicpass.com/regions/us/northeast.aspx,Official Epic Pass regional destination card image for this resort; used because the resort homepage returned a maintenance/bot-response page during automated research. No image file was downloaded.
Crystal Mountain Resort,https://www.crystalmountainresort.com/-/media/widen/crystal-mountain/winter/2019-02-11-cm-jacobs-colton-9885-970x353-web-assets-jpg.jpg?hash=086CCFC64630BD0901E4CF3C13FD0782&rev=895a754e638a46bcbc33d46750e67680&w=480,mountain_photo,Official source: Crystal Mountain Resort / Colton Jacobs filename credit,https://www.crystalmountainresort.com/things-to-do/activities/ski-and-snowboarding,Official Crystal Mountain skiing/snowboarding activity page includes this powder-skiing image associated with the resort. No image file was downloaded.
Cypress Mountain,https://cdn.sanity.io/images/8ts88bij/cypress/8511faecb92bbf1d3c5891b3ff96f31a368c86d8-181x70.svg?w=500&fit=min,logo,Official source: cypressmountain.com,https://www.cypressmountain.com/,Chosen from the official resort/operator page in data/resorts.csv (JSON-LD logo); no image file was downloaded.
Deer Valley Resort,https://www.deervalley.com/-/media/deer-valley/logos/dv-desktop.svg?h=56&iar=0&w=148&rev=19260f3717a8441a8baf38cb7f81ca5c&hash=4EF5F04AA0C090D1553926BE13169485,logo,Official source: deervalley.com,https://www.deervalley.com/,Chosen from the official resort/operator page in data/resorts.csv (site image element identified as logo/brand); no image file was downloaded.
Dollar Mountain,https://www.sunvalley.com/images/favicons/apple-touch-icon.png,logo,Official source: sunvalley.com,https://www.sunvalley.com/tickets-passes/ikon-pass/,Chosen from the official resort/operator page in data/resorts.csv (link rel=apple-touch-icon); no image file was downloaded.
Eldora Mountain Resort,http://www.eldora.com/favicon-32x32.png?v=3edf01278a21a5ff42c5177bf847ba25,logo,Official source: eldora.com,http://www.eldora.com/,Chosen from the official resort/operator page in data/resorts.csv (link rel=icon); no image file was downloaded.
Falls Creek,https://www.skifalls.com.au/Portals/_default/Skins/FallsCreek/dist/images/logo-eap.svg,logo,Official source: skifalls.com.au,https://www.skifalls.com.au/,Chosen from the official resort/operator page in data/resorts.csv (site image element identified as logo/brand); no image file was downloaded.
Fernie Alpine Resort,https://skifernie.com/wp-content/themes/kallyas-child/img/logo-fernie28x24.png,logo,Official source: skifernie.com,https://skifernie.com/,Chosen from the official resort/operator page in data/resorts.csv (site image element identified as logo/brand); no image file was downloaded.
Folgarida-Marilleva,https://www.skirama.it/files/getbyname/logo.png?WebbinsCacheVersion=2,logo,Official source: skirama.it,https://www.skirama.it/it,Chosen from the official resort/operator page in data/resorts.csv (site image element identified as logo/brand); no image file was downloaded.
Furano Ski Resort,https://www.princehotels.co.jp/ski/furano/winter/powderdream/img/logo.svg,logo,Official source: princehotels.co.jp,https://www.princehotels.co.jp/ski/furano/winter/powderdream/,Chosen from the official resort/operator page in data/resorts.csv (site image element identified as logo/brand); no image file was downloaded.
Giant Ski Area,https://www.shigakogen-ski.or.jp/assets/images/footer-logo.svg,logo,Official source: shigakogen-ski.or.jp,https://www.shigakogen-ski.or.jp/,Chosen from the official resort/operator page in data/resorts.csv (site image element identified as logo/brand); no image file was downloaded.
Grand Hirafu,https://www.niseko.ne.jp/en/wp-content/themes/niseko2019_p2/images/brand_grandhirafu_off.png,logo,Official source: niseko.ne.jp,https://www.niseko.ne.jp/en/,Chosen from the official resort/operator page in data/resorts.csv (site image element identified as logo/brand); no image file was downloaded.
Grandvalira Resorts Andorra,https://www.grandvalira.com/themes/custom/grandvalira/logo.svg,logo,Official source: grandvalira.com,https://www.grandvalira.com/en?season-switch,Chosen from the official resort/operator page in data/resorts.csv (JSON-LD logo); no image file was downloaded.
Granite Peak Resort,https://www.skigranitepeak.com/themes/custom/granitepeak/logo.svg,logo,Official source: skigranitepeak.com,https://www.skigranitepeak.com/,Chosen from the official resort/operator page in data/resorts.csv (JSON-LD logo); no image file was downloaded.
Hakuba 47 Winter Sports Park,https://www.hakubavalley.com/cms/wp-content/themes/hv_themes/common/img/logo-wht.svg,logo,Official source: hakubavalley.com,https://www.hakubavalley.com/,Chosen from the official resort/operator page in data/resorts.csv (site image element identified as logo/brand); no image file was downloaded.
Hakuba Cortina Snow Resort,https://www.hakubavalley.com/cms/wp-content/themes/hv_themes/common/img/logo-wht.svg,logo,Official source: hakubavalley.com,https://www.hakubavalley.com/,Chosen from the official resort/operator page in data/resorts.csv (site image element identified as logo/brand); no image file was downloaded.
Hakuba Happo-one Snow Resort,https://www.hakubavalley.com/cms/wp-content/themes/hv_themes/common/img/logo-wht.svg,logo,Official source: hakubavalley.com,https://www.hakubavalley.com/,Chosen from the official resort/operator page in data/resorts.csv (site image element identified as logo/brand); no image file was downloaded.
Hakuba Iwatake Snow Field,https://www.hakubavalley.com/cms/wp-content/themes/hv_themes/common/img/logo-wht.svg,logo,Official source: hakubavalley.com,https://www.hakubavalley.com/,Chosen from the official resort/operator page in data/resorts.csv (site image element identified as logo/brand); no image file was downloaded.
Hakuba Norikura Onsen Snow Resort,https://www.hakubavalley.com/cms/wp-content/themes/hv_themes/common/img/logo-wht.svg,logo,Official source: hakubavalley.com,https://www.hakubavalley.com/,Chosen from the official resort/operator page in data/resorts.csv (site image element identified as logo/brand); no image file was downloaded.
Hanazano,https://www.niseko.ne.jp/en/wp-content/themes/niseko2019_p2/images/logo.png,logo,Official source: niseko.ne.jp,https://www.niseko.ne.jp/en/,Chosen from the official resort/operator page in data/resorts.csv (site image element identified as logo/brand); no image file was downloaded.
Hasuike Ski Area,https://www.shigakogen-ski.or.jp/assets/images/footer-logo.svg,logo,Official source: shigakogen-ski.or.jp,https://www.shigakogen-ski.or.jp/,Chosen from the official resort/operator page in data/resorts.csv (site image element identified as logo/brand); no image file was downloaded.
Heavenly,https://scene7.vailresorts.com/is/image/vailresorts/20230213_HV_McColm_019%3AProduct-Cards-Landing?h=668&resMode=sharp2&w=1002,mountain_photo,Official source: Epic Pass / Vail Resorts,https://www.epicpass.com/regions/us/west.aspx,Official Epic Pass regional destination card image for this resort; used because the resort homepage returned a maintenance/bot-response page during automated research. No image file was downloaded.
Hidden Valley Resort (PA),https://scene7.vailresorts.com/is/image/vailresorts/20190124_HVPA_Lewis_001%3AProduct-Cards-Landing?h=668&resMode=sharp2&w=1002,mountain_photo,Official source: Epic Pass / Vail Resorts,https://www.epicpass.com/regions/us/mid-atlantic.aspx,Official Epic Pass regional destination card image for this resort; used because the resort homepage returned a maintenance/bot-response page during automated research. No image file was downloaded.
Hidden Valley Ski Area (MO),https://scene7.vailresorts.com/is/image/vailresorts/20190125_HI_HiddenValleyPhotography_105%3AProduct-Cards-Landing?h=668&resMode=sharp2&w=1002,mountain_photo,Official source: Epic Pass / Vail Resorts,https://www.epicpass.com/regions/us/midwest.aspx,Official Epic Pass regional destination card image for this resort; used because the resort homepage returned a maintenance/bot-response page during automated research. No image file was downloaded.
Higashidateyama Ski Area,https://www.shigakogen-ski.or.jp/assets/images/footer-logo.svg,logo,Official source: shigakogen-ski.or.jp,https://www.shigakogen-ski.or.jp/,Chosen from the official resort/operator page in data/resorts.csv (site image element identified as logo/brand); no image file was downloaded.
Hintertux Glacier,https://www.zillertal.at/fileadmin/_processed_/0/b/csm_zillertal_logo_8b87d86818.png,logo,Official source: zillertal.at,https://www.zillertal.at/en/,Chosen from the official resort/operator page in data/resorts.csv (site image element identified as logo/brand); no image file was downloaded.
Hochfügen,https://www.zillertal.at/fileadmin/_processed_/0/b/csm_zillertal_logo_8b87d86818.png,logo,Official source: zillertal.at,https://www.zillertal.at/en/,Chosen from the official resort/operator page in data/resorts.csv (site image element identified as logo/brand); no image file was downloaded.
Hochzillertal,https://www.zillertal.at/fileadmin/_processed_/0/b/csm_zillertal_logo_8b87d86818.png,logo,Official source: zillertal.at,https://www.zillertal.at/en/,Chosen from the official resort/operator page in data/resorts.csv (site image element identified as logo/brand); no image file was downloaded.
Hoppo Bunadaira Ski Area,https://www.shigakogen-ski.or.jp/assets/images/footer-logo.svg,logo,Official source: shigakogen-ski.or.jp,https://www.shigakogen-ski.or.jp/,Chosen from the official resort/operator page in data/resorts.csv (site image element identified as logo/brand); no image file was downloaded.
Hotham,https://www.mthotham.com.au/Portals/_default/skins/hotham2025/dist/images/logo.svg,logo,Official source: mthotham.com.au,https://www.mthotham.com.au/,Chosen from the official resort/operator page in data/resorts.csv (site image element identified as logo/brand); no image file was downloaded.
Hunter Mountain,https://scene7.vailresorts.com/is/image/vailresorts/20220217_HU_Fisher_002%3AProduct-Cards-Landing?h=668&resMode=sharp2&w=1002,mountain_photo,Official source: Epic Pass / Vail Resorts,https://www.epicpass.com/regions/us/northeast.aspx,Official Epic Pass regional destination card image for this resort; used because the resort homepage returned a maintenance/bot-response page during automated research. No image file was downloaded.
Ichinose Diamond Ski Area,https://www.shigakogen-ski.or.jp/assets/images/footer-logo.svg,logo,Official source: shigakogen-ski.or.jp,https://www.shigakogen-ski.or.jp/,Chosen from the official resort/operator page in data/resorts.csv (site image element identified as logo/brand); no image file was downloaded.
Ichinose Family Ski Area,https://www.shigakogen-ski.or.jp/assets/images/footer-logo.svg,logo,Official source: shigakogen-ski.or.jp,https://www.shigakogen-ski.or.jp/,Chosen from the official resort/operator page in data/resorts.csv (site image element identified as logo/brand); no image file was downloaded.
Ichinose Yamanokami Ski Area,https://www.shigakogen-ski.or.jp/assets/images/footer-logo.svg,logo,Official source: shigakogen-ski.or.jp,https://www.shigakogen-ski.or.jp/,Chosen from the official resort/operator page in data/resorts.csv (site image element identified as logo/brand); no image file was downloaded.
Ischgl,https://www.ischgl.com/002_ISCHGL/WINTER/LANDSCHAFT/100214125/image-thumb__100214125__card-teaser-portrait/landschaft-ischgl-winter%20%2820%29.jpg,mountain_photo,Official source: ischgl.com,https://www.ischgl.com/en/winter,Official Ischgl winter landscape image from the resort page markup; replaces a close-up skier/face crop with a more descriptive mountain scenery image. No image file was downloaded.
Jack Frost,https://scene7.vailresorts.com/is/image/vailresorts/20210809_JF_Social_Phase3_ResortPassReduction_Carousel_Frame3_1080x1080%3AProduct-Cards-Landing?h=668&resMode=sharp2&w=1002,mountain_photo,Official source: Epic Pass / Vail Resorts,https://www.epicpass.com/regions/us/mid-atlantic.aspx,Official Epic Pass regional destination card image for this resort; used because the resort homepage returned a maintenance/bot-response page during automated research. No image file was downloaded.
Jackson Hole Mountain Resort,https://www.jacksonhole.com/images/jh-tapped-icon.png,logo,Official source: jacksonhole.com,https://www.jacksonhole.com/,Chosen from the official resort/operator page in data/resorts.csv (site image element identified as logo/brand); no image file was downloaded.
Jigatake Snow Resort,https://www.hakubavalley.com/cms/wp-content/themes/hv_themes/common/img/logo-wht.svg,logo,Official source: hakubavalley.com,https://www.hakubavalley.com/,Chosen from the official resort/operator page in data/resorts.csv (site image element identified as logo/brand); no image file was downloaded.
June Mountain,https://www.junemountain.com/-/media/june/logos/june-tablet.svg?h=56&iar=0&w=177&rev=b77c47457b6649c1b518d34492897404&hash=660D7DD0354FA30DB065934EB53E222C,logo,Official source: junemountain.com,https://www.junemountain.com/,Chosen from the official resort/operator page in data/resorts.csv (JSON-LD logo); no image file was downloaded.
Kashimayari Snow Resort,https://www.hakubavalley.com/cms/wp-content/themes/hv_themes/common/img/logo-wht.svg,logo,Official source: hakubavalley.com,https://www.hakubavalley.com/,Chosen from the official resort/operator page in data/resorts.csv (site image element identified as logo/brand); no image file was downloaded.
Keystone,https://scene7.vailresorts.com/is/image/vailresorts/20230301_KY_Maguire_022%3AProduct-Cards-Landing?h=668&resMode=sharp2&w=1002,mountain_photo,Official source: Epic Pass / Vail Resorts,https://www.epicpass.com/regions/us/rockies.aspx,Official Epic Pass regional destination card image for this resort; used because the resort homepage returned a maintenance/bot-response page during automated research. No image file was downloaded.
Kicking Horse Mountain Resort,https://kickinghorseresort.com/wp-content/uploads/2016/08/logo-khmr-white-80x62.png,logo,Official source: kickinghorseresort.com,https://kickinghorseresort.com/,Chosen from the official resort/operator page in data/resorts.csv (site image element identified as logo/brand); no image file was downloaded.
Killington,https://killington.com/client_media/crops/Default.2f321155.1_17_24_powder_day_photos_killington_godwin_03.jpg,mountain_photo,Official source: Killington Resort,https://killington.com/,Updated to a verified official JPEG crop after browser testing showed the prior cached WebP derivative could fail/stale-render in the card. No image file was downloaded.
Kimberley Alpine Resort,https://skikimberley.com/wp-content/themes/kallyas-child/img/logo-kimberley-62x24.png,logo,Official source: skikimberley.com,https://skikimberley.com/,Chosen from the official resort/operator page in data/resorts.csv (site image element identified as logo/brand); no image file was downloaded.
Kirkwood,https://scene7.vailresorts.com/is/image/vailresorts/20190312_KW_tidwell_029%3AProduct-Cards-Landing?h=668&resMode=sharp2&w=1002,mountain_photo,Official source: Epic Pass / Vail Resorts,https://www.epicpass.com/regions/us/west.aspx,Official Epic Pass regional destination card image for this resort; used because the resort homepage returned a maintenance/bot-response page during automated research. No image file was downloaded.
Kitzbühel,https://www.kitzski.at/media/logos-footer/sommerbergbahnen.svg,logo,Official source: kitzski.at,https://www.kitzski.at/en/,Chosen from the official resort/operator page in data/resorts.csv (site image element identified as logo/brand); no image file was downloaded.
Kitzsteinhorn,https://www.saalbach.com/fotos-marketing/logos/Saalbach%20TVB%20-%20MIT%20-%20RGB.svg,logo,Official source: saalbach.com,https://www.saalbach.com/,Chosen from the official resort/operator page in data/resorts.csv (site image element identified as logo/brand); no image file was downloaded.
Kronplatz/Plan de Corones,https://www.dolomitisuperski.com/.resources/dss/webresources/dss/img/dolomiti-superski-logo.svg,logo,Official source: Dolomiti Superski,https://www.dolomitisuperski.com/en/areas/kronplatz,Official Dolomiti Superski logo from the official Dolomiti Superski site; used for this member-region row because the source site markets the area within the shared Dolomiti Superski destination. No image file was downloaded.
Kumanoyu Ski Area,https://www.shigakogen-ski.or.jp/assets/images/footer-logo.svg,logo,Official source: shigakogen-ski.or.jp,https://www.shigakogen-ski.or.jp/,Chosen from the official resort/operator page in data/resorts.csv (site image element identified as logo/brand); no image file was downloaded.
La Thuile - Espace San Bernardo,https://www.skilife.ski/wp-content/themes/wequidTheme-child/images/logo.svg,logo,Official source: skilife.ski,https://www.skilife.ski/en/,Chosen from the official resort/operator page in data/resorts.csv (site image element identified as logo/brand); no image file was downloaded.
Lake Louise Ski Resort,https://www.skilouise.com/wp-content/uploads/2019/07/logo.png,logo,Official source: skilouise.com,https://www.skilouise.com/,Chosen from the official resort/operator page in data/resorts.csv (JSON-LD logo); no image file was downloaded.
Laurel Mountain,https://scene7.vailresorts.com/is/image/vailresorts/20201227_LM_Lewis_011%3AProduct-Cards-Landing?h=668&resMode=sharp2&w=1002,mountain_photo,Official source: Epic Pass / Vail Resorts,https://www.epicpass.com/regions/us/mid-atlantic.aspx,Official Epic Pass regional destination card image for this resort; used because the resort homepage returned a maintenance/bot-response page during automated research. No image file was downloaded.
Le Massif de Charlevoix,https://www.lemassif.com/sites/default/files/styles/scale_800/public/2022-02/20220108-Massif-ClearDay-8janv22-44.jpg?itok=ECPbjWjz,mountain_photo,Official source: Le Massif de Charlevoix,https://www.lemassif.com/en,Updated after review found the prior official image emphasized lodging rather than the ski mountain; official Le Massif page references this clearer winter ski-mountain image. No image file was downloaded.
Lech Zürs am Arlberg,https://www.skiarlberg.at/static/img/logo-portal.svg,logo,Official source: skiarlberg.at,https://www.skiarlberg.at/en,Chosen from the official resort/operator page in data/resorts.csv (site image element identified as logo/brand); no image file was downloaded.
Les Menuires,https://www.les3vallees.com/build/front/img/logo-les-3-vallees-white.svg,logo,Official source: les3vallees.com,https://www.les3vallees.com/fr,Chosen from the official resort/operator page in data/resorts.csv (site image element identified as logo/brand); no image file was downloaded.
Liberty Mountain Resort,https://scene7.vailresorts.com/is/image/vailresorts/20190226_LB_Lewis_604%3AProduct-Cards-Landing?h=668&resMode=sharp2&w=1002,mountain_photo,Official source: Epic Pass / Vail Resorts,https://www.epicpass.com/regions/us/mid-atlantic.aspx,Official Epic Pass regional destination card image for this resort; used because the resort homepage returned a maintenance/bot-response page during automated research. No image file was downloaded.
Loon Mountain,https://cdn.sanity.io/images/k8yfdmw9/loon/c7794bff1df543d34138240f9eb1d90570bfc4c4-514x514.svg?w=500&fit=min,logo,Official source: loonmtn.com,https://www.loonmtn.com/,Chosen from the official resort/operator page in data/resorts.csv (JSON-LD logo); no image file was downloaded.
Lutsen Mountains,https://www.lutsen.com/themes/custom/lutsen/logo.svg,logo,Official source: lutsen.com,https://www.lutsen.com/,Chosen from the official resort/operator page in data/resorts.csv (JSON-LD logo); no image file was downloaded.
Mad River Mountain,https://scene7.vailresorts.com/is/image/vailresorts/20190106_ma_collins_068%3AProduct-Cards-Landing?h=668&resMode=sharp2&w=1002,mountain_photo,Official source: Epic Pass / Vail Resorts,https://www.epicpass.com/regions/us/midwest.aspx,Official Epic Pass regional destination card image for this resort; used because the resort homepage returned a maintenance/bot-response page during automated research. No image file was downloaded.
Madonna di Campiglio,https://www.skirama.it/files/getbyname/logo.png?WebbinsCacheVersion=2,logo,Official source: skirama.it,https://www.skirama.it/it,Chosen from the official resort/operator page in data/resorts.csv (site image element identified as logo/brand); no image file was downloaded.
Mammoth Mountain,https://www.mammothmountain.com/_next/image?url=%2F-%2Fmedia%2Fproject%2Fmammoth%2Fmammoth-mountain-primary-logo-whitefill.svg%3Fh%3D58%26iar%3D0%26w%3D85%26rev%3D64725d20529a4595818c61cbd2323b12%26hash%3D79EF4FD399B7BACEE2A72E56CC031F61&w=3840&q=75,logo,Official source: mammothmountain.com,https://www.mammothmountain.com/,Chosen from the official resort/operator page in data/resorts.csv (site image element identified as logo/brand); no image file was downloaded.
Maruike Ski Area,https://www.shigakogen-ski.or.jp/assets/images/footer-logo.svg,logo,Official source: shigakogen-ski.or.jp,https://www.shigakogen-ski.or.jp/,Chosen from the official resort/operator page in data/resorts.csv (site image element identified as logo/brand); no image file was downloaded.
Mayrhofen,https://www.zillertal.at/fileadmin/_processed_/0/b/csm_zillertal_logo_8b87d86818.png,logo,Official source: zillertal.at,https://www.zillertal.at/en/,Chosen from the official resort/operator page in data/resorts.csv (site image element identified as logo/brand); no image file was downloaded.
Megève Ski Area,https://forfait.megeve.com/hiver/wp-content/uploads/sites/7/2020/03/home.png,logo,Official source: forfait.megeve.com,https://forfait.megeve.com/hiver/en/ikon-pass/,Chosen from the official resort/operator page in data/resorts.csv (JSON-LD logo); no image file was downloaded.
Mona Yongpyong,https://cdn.imweb.me/upload/S2023121574c24daa7523c/eef94789312c5.png,logo,Official source: monayongpyong.com,https://monayongpyong.com/,Chosen from the official resort/operator page in data/resorts.csv (JSON-LD logo); no image file was downloaded.
Mont-Sainte-Anne,https://mont-sainte-anne.com/wp-content/uploads/2019/03/msa_logo_white_cmyk.png,logo,Official source: mont-sainte-anne.com,https://mont-sainte-anne.com/,Chosen from the official resort/operator page in data/resorts.csv (site image element identified as logo/brand); no image file was downloaded.
Monte Bondone,https://www.skirama.it/files/getbyname/logo.png?WebbinsCacheVersion=2,logo,Official source: skirama.it,https://www.skirama.it/it,Chosen from the official resort/operator page in data/resorts.csv (site image element identified as logo/brand); no image file was downloaded.
Monterosa Ski,https://www.skilife.ski/wp-content/themes/wequidTheme-child/images/logo.svg,logo,Official source: skilife.ski,https://www.skilife.ski/en/,Chosen from the official resort/operator page in data/resorts.csv (site image element identified as logo/brand); no image file was downloaded.
Mount Snow,https://scene7.vailresorts.com/is/image/vailresorts/20220211_SO_FisherCreative_918%3AProduct-Cards-Landing?h=668&resMode=sharp2&w=1002,mountain_photo,Official source: Epic Pass / Vail Resorts,https://www.epicpass.com/regions/us/northeast.aspx,Official Epic Pass regional destination card image for this resort; used because the resort homepage returned a maintenance/bot-response page during automated research. No image file was downloaded.
Mount Sunapee,https://scene7.vailresorts.com/is/image/vailresorts/20220219_MS_Loosman_002%3AProduct-Cards-Landing?h=668&resMode=sharp2&w=1002,mountain_photo,Official source: Epic Pass / Vail Resorts,https://www.epicpass.com/regions/us/northeast.aspx,Official Epic Pass regional destination card image for this resort; used because the resort homepage returned a maintenance/bot-response page during automated research. No image file was downloaded.
Mt Brighton,https://scene7.vailresorts.com/is/image/vailresorts/20140112_MB_Affleck_014%3AProduct-Cards-Landing?h=668&resMode=sharp2&w=1002,mountain_photo,Official source: Epic Pass / Vail Resorts,https://www.epicpass.com/regions/us/midwest.aspx,Official Epic Pass regional destination card image for this resort; used because the resort homepage returned a maintenance/bot-response page during automated research. No image file was downloaded.
Mt Buller,https://www.mtbuller.com.au/hs-fs/hubfs/raw_assets/public/website-theme/images/ui/footer/MtStirling_Logo.png?width=143&height=35&name=MtStirling_Logo.png,logo,Official source: mtbuller.com.au,https://www.mtbuller.com.au/winter,Chosen from the official resort/operator page in data/resorts.csv (site image element identified as logo/brand); no image file was downloaded.
Mt Hutt,"https://www.mthutt.co.nz/cdn-cgi/image/format=avif,quality=85/https://cdn.prod.website-files.com/695d64b4a2835538730849b9/699e3d884567749915e19574_mh-buffs-skier-mh-season-pass-product-p-800.jpg",mountain_photo,Official source: mthutt.co.nz,https://www.mthutt.co.nz/,Official Mt Hutt homepage product-card mountain image; used because no stable logo asset was identified. No image file was downloaded.
Mt. Bachelor,https://www.mtbachelor.com/favicon-32x32.png?v=c9b438db36d2ed08dd0aca23e6f36de1,logo,Official source: mtbachelor.com,https://www.mtbachelor.com/,Chosen from the official resort/operator page in data/resorts.csv (link rel=icon); no image file was downloaded.
Mt. Norquay,https://banffnorquay.com/wp-content/uploads/2020/11/Norquay-Logo.svg,logo,Official source: banffnorquay.com,https://banffnorquay.com/,Chosen from the official resort/operator page in data/resorts.csv (JSON-LD logo); no image file was downloaded.
Mt.T,https://tanigawadake-joch.com/cms/wp-content/themes/joch/common/images/t_logo_en.svg,logo,Official source: tanigawadake-joch.com,https://tanigawadake-joch.com/en/mt-t/,Chosen from the official resort/operator page in data/resorts.csv (site image element identified as logo/brand); no image file was downloaded.
Myoko Suginohara Ski Resort,https://www.princehotels.co.jp/ski/myoko/images/header_logo.png,logo,Official source: princehotels.co.jp,https://www.princehotels.co.jp/ski/myoko/informations/ikonpass/,Chosen from the official resort/operator page in data/resorts.csv (site image element identified as logo/brand); no image file was downloaded.
Méribel,https://www.les3vallees.com/media/download/logo-meribel-310px-large.png,logo,Official source: les3vallees.com,https://www.les3vallees.com/fr,Chosen from the official resort/operator page in data/resorts.csv (site image element identified as logo/brand); no image file was downloaded.
Nakiska Ski Area,https://skinakiska.com/wp-content/themes/kallyas-child/img/logo-nakiska-41x24.png,logo,Official source: skinakiska.com,https://skinakiska.com/,Chosen from the official resort/operator page in data/resorts.csv (site image element identified as logo/brand); no image file was downloaded.
Nekoma Mountain,https://en.nekoma.co.jp/wp-content/themes/bandaisan/assets/images/englp/logo_en_vertical_white.svg,logo,Official source: en.nekoma.co.jp,https://en.nekoma.co.jp/englp/,Chosen from the official resort/operator page in data/resorts.csv (site image element identified as logo/brand); no image file was downloaded.
Nendaz,https://verbier4vallees.ch/_dev/styllab-test/logo/verbier-4-vallees.svg,logo,Official source: verbier4vallees.ch,https://verbier4vallees.ch/en,Chosen from the official resort/operator page in data/resorts.csv (JSON-LD logo); no image file was downloaded.
Niseko Village,https://www.niseko.ne.jp/en/wp-content/themes/niseko2019_p2/images/logo.png,logo,Official source: niseko.ne.jp,https://www.niseko.ne.jp/en/,Chosen from the official resort/operator page in data/resorts.csv (site image element identified as logo/brand); no image file was downloaded.
Nishidateyama Ski Area,https://www.shigakogen-ski.or.jp/assets/images/footer-logo.svg,logo,Official source: shigakogen-ski.or.jp,https://www.shigakogen-ski.or.jp/,Chosen from the official resort/operator page in data/resorts.csv (site image element identified as logo/brand); no image file was downloaded.
Northstar California,https://www.vailresorts.com/wp-content/uploads/2023/09/20180312_NS_Garden_002-1024x576.jpeg,mountain_photo,Official source: Vail Resorts,https://www.vailresorts.com/mountain-resorts/,"Official Vail Resorts mountain-resorts image for Northstar, described by the source as an aerial photo of people skiing East Ridge; replaces a dining/lifestyle card image. No image file was downloaded."
Okemo,https://scene7.vailresorts.com/is/image/vailresorts/20230227_OK_Keating_011%3AProduct-Cards-Landing?h=668&resMode=sharp2&w=1002,mountain_photo,Official source: Epic Pass / Vail Resorts,https://www.epicpass.com/regions/us/northeast.aspx,Official Epic Pass regional destination card image for this resort; used because the resort homepage returned a maintenance/bot-response page during automated research. No image file was downloaded.
Okushiga Kogen Ski Area,https://www.shigakogen-ski.or.jp/assets/images/footer-logo.svg,logo,Official source: shigakogen-ski.or.jp,https://www.shigakogen-ski.or.jp/,Chosen from the official resort/operator page in data/resorts.csv (site image element identified as logo/brand); no image file was downloaded.
Orelle,https://www.les3vallees.com/media/download/logo-orelle-310px-large.png,logo,Official source: les3vallees.com,https://www.les3vallees.com/fr,Chosen from the official resort/operator page in data/resorts.csv (site image element identified as logo/brand); no image file was downloaded.
Paganella,https://www.skirama.it/files/getbyname/logo.png?WebbinsCacheVersion=2,logo,Official source: skirama.it,https://www.skirama.it/it,Chosen from the official resort/operator page in data/resorts.csv (site image element identified as logo/brand); no image file was downloaded.
Palisades Tahoe,https://www.palisadestahoe.com/-/media/palisades-tahoe/footer/logos/pt-desktop.svg?h=56&iar=0&w=498&rev=e1c6790256cb4db4a1dc4e79790c3482&hash=4153D76A736CD0DB388050366E894DD7,logo,Official source: palisadestahoe.com,https://www.palisadestahoe.com/,Chosen from the official resort/operator page in data/resorts.csv (site image element identified as logo/brand); no image file was downloaded.
Panorama,https://www.panoramaresort.com/resources/themes/panoramaresort/images/logo-panorama.svg?m=1750283539,logo,Official source: panoramaresort.com,https://www.panoramaresort.com/,Chosen from the official resort/operator page in data/resorts.csv (site image element identified as logo/brand); no image file was downloaded.
Paoli Peaks,https://scene7.vailresorts.com/is/image/vailresorts/20220129_PK_Lees_079%3AProduct-Cards-Landing?h=668&resMode=sharp2&w=1002,mountain_photo,Official source: Epic Pass / Vail Resorts,https://www.epicpass.com/regions/us/midwest.aspx,Official Epic Pass regional destination card image for this resort; used because the resort homepage returned a maintenance/bot-response page during automated research. No image file was downloaded.
Park City Mountain,https://scene7.vailresorts.com/is/image/vailresorts/20230208_PC_Wright_075%3AProduct-Cards-Landing?h=668&resMode=sharp2&w=1002,mountain_photo,Official source: Epic Pass / Vail Resorts,https://www.epicpass.com/regions/us/rockies.aspx,Official Epic Pass regional destination card image for this resort; used because the resort homepage returned a maintenance/bot-response page during automated research. No image file was downloaded.
Pejo,https://www.skirama.it/files/getbyname/logo.png?WebbinsCacheVersion=2,logo,Official source: skirama.it,https://www.skirama.it/it,Chosen from the official resort/operator page in data/resorts.csv (site image element identified as logo/brand); no image file was downloaded.
Perisher,https://www.perisher.com.au/templates/perisher_v2/resources/images/booking-widget/EAP-logo_Label_BookingWidget_148x15px.svg,logo,Official source: perisher.com.au,https://www.perisher.com.au/,Chosen from the official resort/operator page in data/resorts.csv (site image element identified as logo/brand); no image file was downloaded.
Pico Mountain,https://www.picomountain.com/favicon-32x32.png?v=c7258b44725e19ef188bdbcba28c8eeb,logo,Official source: picomountain.com,https://www.picomountain.com/,Chosen from the official resort/operator page in data/resorts.csv (link rel=icon); no image file was downloaded.
Pila,https://www.skilife.ski/wp-content/themes/wequidTheme-child/images/logo.svg,logo,Official source: skilife.ski,https://www.skilife.ski/en/,Chosen from the official resort/operator page in data/resorts.csv (site image element identified as logo/brand); no image file was downloaded.
Pinzolo,https://www.skirama.it/files/getbyname/logo.png?WebbinsCacheVersion=2,logo,Official source: skirama.it,https://www.skirama.it/it,Chosen from the official resort/operator page in data/resorts.csv (site image element identified as logo/brand); no image file was downloaded.
Ponte di Legno-Tonale,https://www.skirama.it/files/getbyname/logo.png?WebbinsCacheVersion=2,logo,Official source: skirama.it,https://www.skirama.it/it,Chosen from the official resort/operator page in data/resorts.csv (site image element identified as logo/brand); no image file was downloaded.
RED Mountain,https://rr-assets.b-cdn.net/wp-content/uploads/2020/09/RED-Mountain-Resort-Logo_300px.png,logo,Official source: redresort.com,https://www.redresort.com/,Chosen from the official resort/operator page in data/resorts.csv (JSON-LD logo); no image file was downloaded.
Revelstoke Mountain Resort,https://www.revelstokemountainresort.com/site/themes/vwtheme/dist/img/mammut-logo.png,logo,Official source: revelstokemountainresort.com,https://www.revelstokemountainresort.com/,Chosen from the official resort/operator page in data/resorts.csv (site image element identified as logo/brand); no image file was downloaded.
Rio Pusteria – Bressanone,https://www.dolomitisuperski.com/.resources/dss/webresources/dss/img/dolomiti-superski-logo.svg,logo,Official source: Dolomiti Superski,https://www.dolomitisuperski.com/en/areas/gitschberg-jochtal-brixen,Official Dolomiti Superski logo from the official Dolomiti Superski site; used for this member-region row because the source site markets the area within the shared Dolomiti Superski destination. No image file was downloaded.
Roundtop Mountain Resort,https://scene7.vailresorts.com/is/image/vailresorts/20200813_RO_RoundtopPhotography_0259%3AProduct-Cards-Landing?h=668&resMode=sharp2&w=1002,mountain_photo,Official source: Epic Pass / Vail Resorts,https://www.epicpass.com/regions/us/mid-atlantic.aspx,Official Epic Pass regional destination card image for this resort; used because the resort homepage returned a maintenance/bot-response page during automated research. No image file was downloaded.
Rusutsu Resort,https://rusutsu.com/assets/img/common/logo-wh@2x.png,logo,Official source: rusutsu.com,https://rusutsu.com/en/,Chosen from the official resort/operator page in data/resorts.csv (site image element identified as logo/brand); no image file was downloaded.
Saint-Martin-de-Belleville,https://www.les3vallees.com/media/download/logo-saint-martin-310px-large.png,logo,Official source: les3vallees.com,https://www.les3vallees.com/fr,Chosen from the official resort/operator page in data/resorts.csv (site image element identified as logo/brand); no image file was downloaded.
San Martino di Castrozza/Rolle Pass,https://www.dolomitisuperski.com/.resources/dss/webresources/dss/img/dolomiti-superski-logo.svg,logo,Official source: Dolomiti Superski,https://www.dolomitisuperski.com/en/areas/san-martino-di-castrozza-passo-rolle,Official Dolomiti Superski logo from the official Dolomiti Superski site; used for this member-region row because the source site markets the area within the shared Dolomiti Superski destination. No image file was downloaded.
Schweitzer,https://www.schweitzer.com/-/media/schweitzer/logos/schweitzer_logo_horz_greenglow.png?h=826&iar=0&w=2098&rev=7b3414b2e251463cac6c160040511843&hash=4DE59F582285E934EFC57358FA06EB96,logo,Official source: schweitzer.com,https://www.schweitzer.com/discover-schweitzer/first-timers-guides/winter,Chosen from the official resort/operator page in data/resorts.csv (site image element identified as logo/brand); no image file was downloaded.
Seven Springs,https://scene7.vailresorts.com/is/image/vailresorts/20221004_SS_Lewis_1%3AProduct-Cards-Landing?h=668&resMode=sharp2&w=1002,mountain_photo,Official source: Epic Pass / Vail Resorts,https://www.epicpass.com/regions/us/mid-atlantic.aspx,Official Epic Pass regional destination card image for this resort; used because the resort homepage returned a maintenance/bot-response page during automated research. No image file was downloaded.
Shibutoge Ski Area,https://www.shigakogen-ski.or.jp/assets/images/footer-logo.svg,logo,Official source: shigakogen-ski.or.jp,https://www.shigakogen-ski.or.jp/,Chosen from the official resort/operator page in data/resorts.csv (site image element identified as logo/brand); no image file was downloaded.
Sierra-at-Tahoe,,unavailable,,,Image verification found the prior official logo URL now resets direct HTTP requests; left unavailable so the app uses its local fallback tile until a stable official image URL is identified.
SilverStar Mountain,https://cms.skisilverstar.com/sites/default/files/2026-04/Summer%20Giveaway%20logo.svg,logo,Official source: skisilverstar.com,https://www.skisilverstar.com/,Chosen from the official resort/operator page in data/resorts.csv (site image element identified as logo/brand); no image file was downloaded.
Silvretta Montafon,https://www.silvretta-montafon.at/simo/winter/sonnenaufgangsfahrten/hochjoch-totale/356/image-thumb__356__wysiwyg-with-media-3x2/hochjochtotale5.8636f123.jpg,mountain_photo,Official source: Silvretta Montafon,https://www.silvretta-montafon.at/en/activities/skiing-snowboarding/ski-area,Official Silvretta Montafon ski-area page image for the Hochjoch Totale winter route; replaces a summer hiking image with a more descriptive winter mountain scene. No image file was downloaded.
Skicircus Saalbach Hinterglemm Leogang Fieberbrunn,https://www.saalbach.com/fotos-marketing/logos/Saalbach%20TVB%20-%20MIT%20-%20RGB.svg,logo,Official source: saalbach.com,https://www.saalbach.com/,Chosen from the official resort/operator page in data/resorts.csv (site image element identified as logo/brand); no image file was downloaded.
Snow Creek,https://scene7.vailresorts.com/is/image/vailresorts/20190119_SC_SnowCreekPhotography_004%3AProduct-Cards-Landing?h=668&resMode=sharp2&w=1002,mountain_photo,Official source: Epic Pass / Vail Resorts,https://www.epicpass.com/regions/us/midwest.aspx,Official Epic Pass regional destination card image for this resort; used because the resort homepage returned a maintenance/bot-response page during automated research. No image file was downloaded.
Snow Summit,https://www.bigbearmountainresort.com/-/media/big-bear-mountain-resort-media/brand-assets/logos/2023-bbmr_combo_white-2400x1350.png,logo,Official source: bigbearmountainresort.com,https://www.bigbearmountainresort.com/,Chosen from the official resort/operator page in data/resorts.csv (JSON-LD logo); no image file was downloaded.
Snow Valley,https://www.bigbearmountainresort.com/-/media/big-bear-mountain-resort-media/brand-assets/logos/2023-bbmr_combo_white-2400x1350.png,logo,Official source: bigbearmountainresort.com,https://www.bigbearmountainresort.com/,Chosen from the official resort/operator page in data/resorts.csv (JSON-LD logo); no image file was downloaded.
Snowbasin,https://www.snowbasin.com/azure/snowbasin/media/siteassets/images/scenic/winter/sb_winter_scenic.jpg?ext=.jpg&w=1500&h=1500&mode=crop&scale=both&quality=65,mountain_photo,Official source: Snowbasin,https://www.snowbasin.com/,"Updated after review found the prior image was a Scott partner logo, not a Snowbasin resort logo; official Snowbasin homepage references this working winter scenic image. No image file was downloaded."
Snowbird,https://www.snowbird.com/favicon-32x32.png?v=8ae537c1c5dc6c110502c6c267a910e2,logo,Official source: snowbird.com,https://www.snowbird.com/,Chosen from the official resort/operator page in data/resorts.csv (link rel=icon); no image file was downloaded.
Snowmass,https://www.aspensnowmass.com/-/media/aspen-snowmass/images/featured-content-row/winter/2025-26/smwideelkcamp2526jpg.png?hash=562BCB8915FC88847ACFBD1F5B366617&mh=650&mw=1600,mountain_photo,Official source: Aspen Snowmass,https://www.aspensnowmass.com/four-mountains/snowmass,Official Aspen Snowmass Snowmass page image from the Elk Camp Views section; replaces a family-campaign/group shot with a more descriptive mountain view. No image file was downloaded.
Snowriver Mountain Resort,https://www.snowriver.com/themes/custom/snowriver/logo.svg,logo,Official source: snowriver.com,https://www.snowriver.com/,Chosen from the official resort/operator page in data/resorts.csv (JSON-LD logo); no image file was downloaded.
Snowshoe Mountain,https://www.snowshoemtn.com/-/media/alterra-mountain-logos/new-footer-logos-2018/snowshoe.png?hash=294B29AE8FE8F27DB1814F39D0FE4601&rev=0a50d1ec86d743379cfae9c15b2ecb38%3Fh%3D50&w=54,logo,Official source: Snowshoe Mountain Resort,https://www.snowshoemtn.com/media-room/image-zone,Official Snowshoe Mountain site footer/media-room page includes this Snowshoe logo asset; no image file was downloaded.
Solitude Mountain Resort,https://www.solitudemountain.com/-/media/solitude/logos/solitude-desktop-secondary.svg?h=56&iar=0&w=135&rev=b2b2b40d691b44c6983eca4e15a61946&hash=FF2418D1DD8B95C67EBFE166942D8E98,logo,Official source: solitudemountain.com,https://www.solitudemountain.com/,Chosen from the official resort/operator page in data/resorts.csv (site image element identified as logo/brand); no image file was downloaded.
Spieljoch,https://www.zillertal.at/fileadmin/_processed_/0/b/csm_zillertal_logo_8b87d86818.png,logo,Official source: zillertal.at,https://www.zillertal.at/en/,Chosen from the official resort/operator page in data/resorts.csv (site image element identified as logo/brand); no image file was downloaded.
St. Anton am Arlberg,https://www.skiarlberg.at/static/img/logo-portal.svg,logo,Official source: skiarlberg.at,https://www.skiarlberg.at/en,Chosen from the official resort/operator page in data/resorts.csv (site image element identified as logo/brand); no image file was downloaded.
St. Moritz,https://api.stmoritz.com/fileadmin/_processed_/c/d/csm_My_twisted_mind_write_Polar_Sugar_story_so_far_behind_by_-chillinmaster_2165048e9f.jpg,mountain_photo,Official source: St. Moritz,https://www.stmoritz.com/en/directory/mountains/corviglia,Official St. Moritz Corviglia/Piz Nair page image; replaces unavailable placeholder fallback with a verified snowy mountain terrain photo. No image file was downloaded.
Steamboat,https://www.steamboat.com/-/media/steamboat/media-center-folders/steamboat-downtown.jpg?hash=4837696AFE738A0D0FB7CF15B8424CEB&rev=13500efc380b4152a6cdfb864dd3172b&w=480,mountain_photo,Official source: Steamboat Ski & Resort Corporation,https://www.steamboat.com/media-center,Official Steamboat media center provides this resort/destination image and states media images are Steamboat Ski & Resort Corporation property for editorial use with credit. No image file was downloaded.
Stevens Pass,https://scene7.vailresorts.com/is/image/vailresorts/20200308_SV_Coble_007%3AProduct-Cards-Landing?h=668&resMode=sharp2&w=1002,mountain_photo,Official source: Epic Pass / Vail Resorts,https://www.epicpass.com/regions/us/west.aspx,Official Epic Pass regional destination card image for this resort; used because the resort homepage returned a maintenance/bot-response page during automated research. No image file was downloaded.
Stoneham Mountain Resort,https://ski-stoneham.com/wp-content/uploads/2022/08/logo_sto_montagne_seul.png,logo,Official source: ski-stoneham.com,https://ski-stoneham.com/,Chosen from the official resort/operator page in data/resorts.csv (site image element identified as logo/brand); no image file was downloaded.
Stowe,https://scene7.vailresorts.com/is/image/vailresorts/20220209_ST_FisherUnlimited_769%3AProduct-Cards-Landing?h=668&resMode=sharp2&w=1002,mountain_photo,Official source: Epic Pass / Vail Resorts,https://www.epicpass.com/regions/us/northeast.aspx,Official Epic Pass regional destination card image for this resort; used because the resort homepage returned a maintenance/bot-response page during automated research. No image file was downloaded.
Stratton,https://www.stratton.com/-/media/stratton/logos/primary-logo-new-header.svg?h=56&hash=DFD44CAAE5CF1ABB9C3BB18F5F48C37A&iar=0&rev=ad32f3ad9a7b42268878f2ddb1e86bf8&w=98,logo,Official source: Stratton Mountain Resort,https://www.stratton.com/,Official Stratton homepage header includes this Stratton logo asset. No image file was downloaded.
Sugarbush Resort,https://www.sugarbush.com/-/media/sugarbush/sugarbush-logos/header-footer/header-v3-logos/sb-desktop.svg?h=56&iar=0&w=185&rev=099721ed37944fe78630efaddc766308&hash=49D44BDC5674F38C9CD1D605D2C974C8,logo,Official source: sugarbush.com,https://www.sugarbush.com/,Chosen from the official resort/operator page in data/resorts.csv (site image element identified as logo/brand); no image file was downloaded.
Sugarloaf,https://cdn.sanity.io/images/k8yfdmw9/sugarloaf/6a65e2e04ba012f85588b258302bd69a0f089d00-102x100.svg?w=500&fit=min,logo,Official source: sugarloaf.com,https://www.sugarloaf.com/,Chosen from the official resort/operator page in data/resorts.csv (JSON-LD logo); no image file was downloaded.
Summit Central / Summit West / Summit East,https://cdn.sanity.io/images/8ts88bij/summit/4b8d9380734ba35657c986d9a17f55f725c3ebe2-229x60.svg?w=500&fit=min,logo,Official source: summitatsnoqualmie.com,https://www.summitatsnoqualmie.com/,Chosen from the official resort/operator page in data/resorts.csv (JSON-LD logo); no image file was downloaded.
Sun Peaks Resort,https://www.sunpeaksresort.com/themes/custom/sunpeaksresort/images/logo_schema.svg,logo,Official source: sunpeaksresort.com,https://www.sunpeaksresort.com/ski-ride/tickets-passes/ikon-pass,Chosen from the official resort/operator page in data/resorts.csv (JSON-LD logo); no image file was downloaded.
Sun Valley,https://www.sunvalley.com/images/favicons/apple-touch-icon.png,logo,Official source: sunvalley.com,https://www.sunvalley.com/tickets-passes/ikon-pass/,Chosen from the official resort/operator page in data/resorts.csv (link rel=apple-touch-icon); no image file was downloaded.
Sun Valley Ski Area,https://www.shigakogen-ski.or.jp/assets/images/footer-logo.svg,logo,Official source: shigakogen-ski.or.jp,https://www.shigakogen-ski.or.jp/,Chosen from the official resort/operator page in data/resorts.csv (site image element identified as logo/brand); no image file was downloaded.
Sunday River,https://cdn.sanity.io/images/k8yfdmw9/sunday-river/a4634739205e137c6fc0f1fa0a51b40f3dd0e304-172x80.svg?w=500&fit=min,logo,Official source: sundayriver.com,https://www.sundayriver.com/,Chosen from the official resort/operator page in data/resorts.csv (JSON-LD logo); no image file was downloaded.
Sölden,https://www.soelden.com/bundles/nui/static/soelden/assets/app-icon-BxdDLvyl.svg,logo,Official source: soelden.com,https://www.soelden.com/de,Chosen from the official resort/operator page in data/resorts.csv (link rel=icon); no image file was downloaded.
Takamagahara Mammoth Ski Area,https://www.shigakogen-ski.or.jp/assets/images/footer-logo.svg,logo,Official source: shigakogen-ski.or.jp,https://www.shigakogen-ski.or.jp/,Chosen from the official resort/operator page in data/resorts.csv (site image element identified as logo/brand); no image file was downloaded.
Tannenomori Okojo Ski Area,https://www.shigakogen-ski.or.jp/assets/images/footer-logo.svg,logo,Official source: shigakogen-ski.or.jp,https://www.shigakogen-ski.or.jp/,Chosen from the official resort/operator page in data/resorts.csv (site image element identified as logo/brand); no image file was downloaded.
Taos Ski Valley,https://tacky-rare-back.media.strapiapp.com/02_13_24_Kachina_Peak_Lift_Opening28_10d5d20f07.jpg,mountain_photo,Official source: Taos Ski Valley,https://www.skitaos.com/,Official Taos Ski Valley homepage references this Kachina Peak lift/mountain image from its site media backend. No image file was downloaded.
Telluride,https://tellurideskiresort.com/wp-content/uploads/TSG.png,logo,Official source: tellurideskiresort.com,https://tellurideskiresort.com/,Chosen from the official resort/operator page in data/resorts.csv (JSON-LD logo); no image file was downloaded.
Terakoya Ski Area,https://www.shigakogen-ski.or.jp/assets/images/footer-logo.svg,logo,Official source: shigakogen-ski.or.jp,https://www.shigakogen-ski.or.jp/,Chosen from the official resort/operator page in data/resorts.csv (site image element identified as logo/brand); no image file was downloaded.
The Highlands,https://cdn.sanity.io/images/ud45da4u/the-highlands/bc5b8be5c54758ad0de0f16ae266ec9bf9532afd-235x80.svg?w=500&fit=min,logo,Official source: highlandsharborsprings.com,https://www.highlandsharborsprings.com/,Chosen from the official resort/operator page in data/resorts.csv (JSON-LD logo); no image file was downloaded.
The Remarkables,https://www.nzski.com/media/4523/remarks-deep-snow-rocks.jpg?quality=90&width=1340&height=876&mode=crop,mountain_photo,Official source: The Remarkables / NZSki,https://www.theremarkables.co.nz/mountain/,Official The Remarkables mountain-page terrain image; replaces a person-focused logo/brand thumbnail with a more descriptive mountain snow scene. No image file was downloaded.
Thredbo,https://cdn.thredbo.com.au/wp-content/uploads/2018/01/24011254/main-logo.png,logo,Official source: thredbo.com.au,https://www.thredbo.com.au/,Chosen from the official resort/operator page in data/resorts.csv (JSON-LD logo); no image file was downloaded.
Thyon,https://verbier4vallees.ch/_dev/styllab-test/logo/verbier-4-vallees.svg,logo,Official source: verbier4vallees.ch,https://verbier4vallees.ch/en,Chosen from the official resort/operator page in data/resorts.csv (JSON-LD logo); no image file was downloaded.
Tremblant,https://www.tremblant.ca/-/media/tremblant/mountain-and-village/mountain-info/stats/stats-tremblant-aerial-l.jpg?hash=2652F0AECB01BD0D0A0D68D88463C948&rev=77225fd5c0b7421b9fb8fd31541c3831&w=480,mountain_photo,Official source: Tremblant,https://www.tremblant.ca/about-us/media-and-press,Official Tremblant media/press page links to mountain statistics and uses this aerial mountain image for Tremblant. No image file was downloaded.
Tsugaike Mountain Resort,https://www.hakubavalley.com/cms/wp-content/themes/hv_themes/common/img/logo-wht.svg,logo,Official source: hakubavalley.com,https://www.hakubavalley.com/,Chosen from the official resort/operator page in data/resorts.csv (site image element identified as logo/brand); no image file was downloaded.
Vail,https://scene7.vailresorts.com/is/image/vailresorts/20230123_VL_Ritter_004%3AProduct-Cards-Landing?h=668&resMode=sharp2&w=1002,mountain_photo,Official source: Epic Pass / Vail Resorts,https://www.epicpass.com/regions/us/rockies.aspx,Official Epic Pass regional destination card image for this resort; used because the resort homepage returned a maintenance/bot-response page during automated research. No image file was downloaded.
Val Gardena/Alpe di Siusi,https://www.dolomitisuperski.com/.resources/dss/webresources/dss/img/dolomiti-superski-logo.svg,logo,Official source: Dolomiti Superski,https://www.dolomitisuperski.com/en/areas/val-gardena-alpe-di-siusi,Official Dolomiti Superski logo from the official Dolomiti Superski site; used for this member-region row because the source site markets the area within the shared Dolomiti Superski destination. No image file was downloaded.
Val Thorens,https://www.les3vallees.com/build/front/img/logo-les-3-vallees-white.svg,logo,Official source: les3vallees.com,https://www.les3vallees.com/fr,Chosen from the official resort/operator page in data/resorts.csv (site image element identified as logo/brand); no image file was downloaded.
Val di Fassa/Carezza,https://www.dolomitisuperski.com/.resources/dss/webresources/dss/img/dolomiti-superski-logo.svg,logo,Official source: Dolomiti Superski,https://www.dolomitisuperski.com/en/areas/val-di-fassa-carezza,Official Dolomiti Superski logo from the official Dolomiti Superski site; used for this member-region row because the source site markets the area within the shared Dolomiti Superski destination. No image file was downloaded.
Val di Fiemme/Obereggen,https://www.dolomitisuperski.com/.resources/dss/webresources/dss/img/dolomiti-superski-logo.svg,logo,Official source: Dolomiti Superski,https://www.dolomitisuperski.com/en/areas/val-di-fiemme-obereggen,Official Dolomiti Superski logo from the official Dolomiti Superski site; used for this member-region row because the source site markets the area within the shared Dolomiti Superski destination. No image file was downloaded.
Valle Nevado,https://www.vallenevado.com/wp-content/uploads/2024/05/Valle.png,logo,Official source: vallenevado.com,https://www.vallenevado.com/en/,Chosen from the official resort/operator page in data/resorts.csv (JSON-LD logo); no image file was downloaded.
Verbier,https://verbier4vallees.ch/_dev/styllab-test/logo/verbier-4-vallees.svg,logo,Official source: verbier4vallees.ch,https://verbier4vallees.ch/en,Chosen from the official resort/operator page in data/resorts.csv (JSON-LD logo); no image file was downloaded.
Veysonnaz,https://verbier4vallees.ch/_dev/styllab-test/logo/verbier-4-vallees.svg,logo,Official source: verbier4vallees.ch,https://verbier4vallees.ch/en,Chosen from the official resort/operator page in data/resorts.csv (JSON-LD logo); no image file was downloaded.
Warth-Schröcken,https://www.skiarlberg.at/static/img/logo-portal.svg,logo,Official source: skiarlberg.at,https://www.skiarlberg.at/en,Chosen from the official resort/operator page in data/resorts.csv (site image element identified as logo/brand); no image file was downloaded.
Whistler Mountain,https://scene7.vailresorts.com/is/image/vailresorts/20240103_WB_Winton_018%3AEpic-Pass-Home-Page-Hero-Desktop?h=900&resMode=sharp2&w=3840,mountain_photo,Official source: Epic Pass / Vail Resorts,https://www.epicpass.com/regions/canada.aspx,Official Epic Pass Canada page hero image for Whistler Blackcomb; used for the component mountain row because access and marketing are shared. No image file was downloaded.
White Resort Hakuba Sanosaka,https://www.hakubavalley.com/cms/wp-content/themes/hv_themes/common/img/logo-wht.svg,logo,Official source: hakubavalley.com,https://www.hakubavalley.com/,Chosen from the official resort/operator page in data/resorts.csv (site image element identified as logo/brand); no image file was downloaded.
Whitetail Resort,https://scene7.vailresorts.com/is/image/vailresorts/20190219_WT_Smith_005%3AProduct-Cards-Landing?h=668&resMode=sharp2&w=1002,mountain_photo,Official source: Epic Pass / Vail Resorts,https://www.epicpass.com/regions/us/mid-atlantic.aspx,Official Epic Pass regional destination card image for this resort; used because the resort homepage returned a maintenance/bot-response page during automated research. No image file was downloaded.
Wildcat Mountain,https://scene7.vailresorts.com/is/image/vailresorts/20230402_WC_Allen_001-1%3AProduct-Cards-Landing?h=668&resMode=sharp2&w=1002,mountain_photo,Official source: Epic Pass / Vail Resorts,https://www.epicpass.com/regions/us/northeast.aspx,Official Epic Pass regional destination card image for this resort; used because the resort homepage returned a maintenance/bot-response page during automated research. No image file was downloaded.
Wilmot Mountain,https://scene7.vailresorts.com/is/image/vailresorts/20190304_WM_BobWeder_025%3AProduct-Cards-Landing?h=668&resMode=sharp2&w=1002,mountain_photo,Official source: Epic Pass / Vail Resorts,https://www.epicpass.com/regions/us/midwest.aspx,Official Epic Pass regional destination card image for this resort; used because the resort homepage returned a maintenance/bot-response page during automated research. No image file was downloaded.
Winter Park Resort,https://www.winterparkresort.com/-/media/winter-park/logos/wp-desktop.svg?h=56&iar=0&w=141&rev=c5a7d26709ac4153b5dd2c1f7aaa102e&hash=760259D1FF8AF6C90EC02E7FE92FCB79,logo,Official source: winterparkresort.com,https://www.winterparkresort.com/,Chosen from the official resort/operator page in data/resorts.csv (site image element identified as logo/brand); no image file was downloaded.
Yakebitaiyama Ski Area,https://www.shigakogen-ski.or.jp/assets/images/footer-logo.svg,logo,Official source: shigakogen-ski.or.jp,https://www.shigakogen-ski.or.jp/,Chosen from the official resort/operator page in data/resorts.csv (site image element identified as logo/brand); no image file was downloaded.
Yokoteyama Ski Area,https://www.shigakogen-ski.or.jp/assets/images/footer-logo.svg,logo,Official source: shigakogen-ski.or.jp,https://www.shigakogen-ski.or.jp/,Chosen from the official resort/operator page in data/resorts.csv (site image element identified as logo/brand); no image file was downloaded.
Yunding Snow Park,https://www.ecosign.com/images/Projects/china/genting-secret-garden/_projectHeroOptimizer/17791/genting-secret-garden-hero.webp,mountain_photo,Source: Ecosign Genting Secret Garden project page,https://www.ecosign.com/projects/genting-secret-garden,"Verified project-page hero image for Genting Secret Garden/Yunding Snow Park from Ecosign, the resort planning firm; replaces unavailable placeholder after prior Wikimedia image returned 429 to direct requests. No image file was downloaded."
Zao Onsen Ski Resort,https://zao-spa.or.jp/lang/images/header/logo.png,logo,Official source: zao-spa.or.jp,https://zao-spa.or.jp/english/,Chosen from the official resort/operator page in data/resorts.csv (site image element identified as logo/brand); no image file was downloaded.
Zermatt Matterhorn,https://www.matterhornparadise.ch/ZBAG/00-keyvisuals/02_winter/51225/image-thumb__51225__img-teaser-landscape/20250203_blauherd_sonnenaufgang_landschaft_nord-7.jpg,mountain_photo,Official source: Matterhorn Paradise,https://www.matterhornparadise.ch/en,Updated to a verified official winter mountain image after browser testing showed the remote logo SVG could fail in the card. No image file was downloaded.
Zillertal Arena,https://www.zillertal.at/fileadmin/_processed_/0/b/csm_zillertal_logo_8b87d86818.png,logo,Official source: zillertal.at,https://www.zillertal.at/en/,Chosen from the official resort/operator page in data/resorts.csv (site image element identified as logo/brand); no image file was downloaded.
