resort_name,source_name,source_type,snow_report_url,queried_url,queried_at,data_found,notes
Mammoth Mountain,Mammoth Mountain official conditions,official_resort,https://www.mammothmountain.com/on-the-mountain,https://www.mammothmountain.com/on-the-mountain,2026-05-26T03:15:14Z,false,Official Mammoth conditions page was queried first; search result confirms official conditions/weather/road/trail/lift report but did not expose current base-depth values in crawlable text for this research pass.
Mammoth Mountain,Skiresort.info Mammoth Mountain snow report,aggregator,https://www.skiresort.info/ski-resort/mammoth-mountain/snow-report/,https://www.skiresort.info/ski-resort/mammoth-mountain/snow-report/,2026-05-26T03:15:14Z,true,"Aggregator used because official page did not expose crawlable numeric depth. Search result reports updated 2026-05-22, base 71 cm at 2424 m, mountain 292 cm at 3369 m, spring snow, last snowfall 2026-04-25."
Breckenridge,Breckenridge official snow and weather report,official_resort,https://www.breckenridge.com/the-mountain/mountain-conditions/snow-and-weather-report.aspx,https://www.breckenridge.com/the-mountain/mountain-conditions/snow-and-weather-report.aspx,2026-05-26T03:15:14Z,false,Official Breckenridge snow/weather page queried; current crawl/search text confirms forecast/snow/temperature reporting but did not expose a current base-depth value in this pass.
Vail,Vail official snow and weather report,official_resort,https://www.vail.com/the-mountain/mountain-conditions/snow-and-weather-report.aspx,https://www.vail.com/the-mountain/mountain-conditions/snow-and-weather-report.aspx,2026-05-26T03:15:14Z,false,Official Vail snow/weather report URL recorded for follow-up; numeric current base-depth was not available in current searched/crawled text in this pass.
Park City Mountain,Park City official snow and weather report,official_resort,https://www.parkcitymountain.com/the-mountain/mountain-conditions/snow-and-weather-report.aspx,https://www.parkcitymountain.com/the-mountain/mountain-conditions/snow-and-weather-report.aspx,2026-05-26T03:15:14Z,false,Official Park City/Vail Resorts snow-weather page recorded for follow-up; search pass did not expose current numeric base-depth values.
Park City Mountain,Skiresort.info Park City snow report,aggregator,https://www.skiresort.info/ski-holiday-in/park-city-549/snow-report/,https://www.skiresort.info/ski-holiday-in/park-city-549/snow-report/,2026-05-26T03:15:14Z,true,"Aggregator search result reports 180 cm base at 2073 m, but crawl age was two months; treat as stale and do not create current observation without direct fresh confirmation."
Palisades Tahoe,Palisades Tahoe official snow reporting methodology,official_resort,https://blog.palisadestahoe.com/operations/how-we-report-snow/,https://blog.palisadestahoe.com/operations/how-we-report-snow/,2026-05-26T03:15:14Z,false,"Official methodology page queried. It explains base-depth reporting at the base and about 8,000 ft at each mountain, including lower mountain snow plot at Patrol Shack 6,200 ft. It is not a current snow-depth report."
Deer Valley Resort,Deer Valley official conditions,official_resort,https://www.deervalley.com/mountain-report,https://www.deervalley.com/mountain-report,2026-05-26T03:15:14Z,false,Official mountain-report URL recorded for follow-up; current search pass did not expose numeric base-depth values.
Deer Valley Resort,Skiresort.info Deer Valley snow report,aggregator,https://www.skiresort.info/ski-resort/deer-valley/snow-report/,https://www.skiresort.info/ski-resort/deer-valley/snow-report/,2026-05-26T03:15:14Z,false,"Aggregator page queried via search; result showed base field as unavailable/dash at 1984 m, so no usable numeric snow-base observation was recorded."
Steamboat,Steamboat official mountain report,official_resort,https://www.steamboat.com/the-mountain/mountain-report,https://www.steamboat.com/the-mountain/mountain-report,2026-05-26T03:15:14Z,false,Official Steamboat mountain-report URL recorded for follow-up; current search pass did not expose numeric base-depth values.
Steamboat,OpenSnow Steamboat snow report,aggregator,https://opensnow.com/location/steamboat/snow-report,https://opensnow.com/location/steamboat/snow-report,2026-05-26T03:15:14Z,false,"OpenSnow page queried as fallback; search result explicitly says nearby SNOTEL-derived depth is not official resort measurement, so no resort base-depth observation was recorded."
Jackson Hole Mountain Resort,Jackson Hole official mountain report,official_resort,https://www.jacksonhole.com/mountain-report,https://www.jacksonhole.com/mountain-report,2026-05-26T03:50:01Z,true,"Official mountain report was in summer-operations context and did not expose a current ski-season base-depth number. Under project policy, source-supported off-season/closed status is usable as a normalized 0-inch current base observation until winter snow reporting resumes."
Big Sky Resort,Big Sky official current conditions,official_resort,https://www.bigskyresort.com/current-conditions,https://www.bigskyresort.com/current-conditions,2026-05-26T03:15:14Z,false,Official current conditions page queried; search text confirms weather/snow/lift/trail page but did not expose numeric base depth in this pass.
Big Sky Resort,Big Sky official snow report FAQs,official_resort,https://www.bigskyresort.com/current-conditions/snow-report-faqs,https://www.bigskyresort.com/current-conditions/snow-report-faqs,2026-05-26T03:15:14Z,false,"Official FAQ page queried. It documents five weather stations and that base depth is reported at two snow-stake locations, but it is methodology, not a current base-depth observation."
Alta Ski Area,Alta official weather and snow report,official_resort,https://www.alta.com/weather,https://www.alta.com/weather,2026-05-26T03:15:14Z,true,"Official Alta weather/snow page search result exposed current snow report fields: last update today at 07:00 pm, 12h 0 in, 24h 0 in, storm total 0 in, and current conditions by base/mid/peak. Base-depth value was not clearly exposed on this page result."
Alta Ski Area,Alta official current conditions,official_resort,https://www.alta.com/status,https://www.alta.com/status,2026-05-26T03:15:14Z,true,"Official Alta current conditions search result exposed Snow section with 24 hr 0 in, Base 54 in, Season 321 in, last updated today at 05:00 pm. Interpreted Base 54 as current base depth."
Snowbird,Snowbird official mountain report,official_resort,https://www.snowbird.com/mountain-report/,https://www.snowbird.com/mountain-report/,2026-05-26T03:15:14Z,false,Official Snowbird mountain-report URL recorded for follow-up; search pass did not expose current numeric base-depth values.
Snowbird,Skiresort.info Snowbird snow report,aggregator,https://www.skiresort.info/ski-resort/snowbird/snow-report/,https://www.skiresort.info/ski-resort/snowbird/snow-report/,2026-05-26T03:15:14Z,false,"Aggregator page queried via search; result showed base field unavailable/dash at 2365 m, so no usable numeric observation recorded."
Afton Alps,Afton Alps official snow and weather report,official_resort,https://www.aftonalps.com/the-mountain/mountain-conditions/snow-and-weather-report.aspx,https://www.aftonalps.com/the-mountain/mountain-conditions/snow-and-weather-report.aspx,2026-05-26T03:50:01Z,true,"Official page confirms weather/ski conditions context and source context indicated the resort was closed for the 2025/26 winter season. Under project policy, source-supported closed/off-season status is usable as a normalized 0-inch current base observation when no explicit current numeric snow-base field is exposed."
Alpine Valley (OH),Alpine Valley official snow and weather report,official_resort,https://www.alpinevalleyohio.com/the-mountain/mountain-conditions/snow-and-weather-report.aspx,https://www.alpinevalleyohio.com/the-mountain/mountain-conditions/snow-and-weather-report.aspx,2026-05-26T03:45:00Z,true,"Official page queried via search result. Crawl/search text exposed current snow report metrics including 0 in 24h, 0 in 48h, 0 in 7-day snowfall, 42 in base depth, 102 in current season, updated 2026-02-25 3:17 PM EST; likely stale/off-season final winter report."
Attitash Mountain,Attitash official snow and weather report,official_resort,https://www.attitash.com/the-mountain/mountain-conditions/snow-and-weather-report.aspx,https://www.attitash.com/the-mountain/mountain-conditions/snow-and-weather-report.aspx,2026-05-26T03:50:01Z,true,"Official page exposed a 2026-04-05 closing report and stated the Winter 2025/26 season had concluded. Under project policy, source-supported closed/off-season status is usable as a normalized 0-inch current base observation when no explicit current numeric snow-base field is exposed."
Beaver Creek,Beaver Creek official snow and weather report,official_resort,https://www.beavercreek.com/the-mountain/mountain-conditions/snow-and-weather-report.aspx,https://www.beavercreek.com/the-mountain/mountain-conditions/snow-and-weather-report.aspx,2026-05-26T03:45:00Z,false,"Official page queried; confirms weather/mountain conditions and forecast context, but current crawl/search text did not expose numeric base-depth fields."
Big Boulder,Jack Frost Big Boulder official snow and weather report,official_resort,https://www.jfbb.com/the-mountain/mountain-conditions/snow-and-weather-report.aspx,https://www.jfbb.com/the-mountain/mountain-conditions/snow-and-weather-report.aspx,2026-05-26T03:45:00Z,false,Official JFBB page opened; confirms weather/ski conditions page for Jack Frost Big Boulder. No current numeric base depth exposed in crawlable text.
Jack Frost,Jack Frost Big Boulder official snow and weather report,official_resort,https://www.jfbb.com/the-mountain/mountain-conditions/snow-and-weather-report.aspx,https://www.jfbb.com/the-mountain/mountain-conditions/snow-and-weather-report.aspx,2026-05-26T03:45:00Z,false,Official JFBB page opened; same official snow/weather report covers Jack Frost and Big Boulder. No current numeric base depth exposed in crawlable text.
Boston Mills,Boston Mills Brandywine official snow and weather report,official_resort,https://www.bmbw.com/the-mountain/mountain-conditions/snow-and-weather-report.aspx,https://www.bmbw.com/the-mountain/mountain-conditions/snow-and-weather-report.aspx,2026-05-26T03:45:00Z,false,Official BMBW page opened; confirms Snow & Weather Report page. No current numeric base depth exposed in crawlable text.
Brandywine,Boston Mills Brandywine official snow and weather report,official_resort,https://www.bmbw.com/the-mountain/mountain-conditions/snow-and-weather-report.aspx,https://www.bmbw.com/the-mountain/mountain-conditions/snow-and-weather-report.aspx,2026-05-26T03:45:00Z,false,Official BMBW page opened; same official report covers Boston Mills and Brandywine. No current numeric base depth exposed in crawlable text.
Mt Brighton,Mt Brighton official snow and weather report,official_resort,https://www.mtbrighton.com/the-mountain/mountain-conditions/snow-and-weather-report.aspx,https://www.mtbrighton.com/the-mountain/mountain-conditions/snow-and-weather-report.aspx,2026-05-26T03:45:00Z,false,Official page opened; no current numeric base depth exposed in crawlable text.
Mad River Mountain,Mad River official snow and weather report,official_resort,https://www.skimadriver.com/the-mountain/mountain-conditions/snow-and-weather-report.aspx,https://www.skimadriver.com/the-mountain/mountain-conditions/snow-and-weather-report.aspx,2026-05-26T03:45:00Z,false,Official page opened; no current numeric base depth exposed in crawlable text.
Hidden Valley Ski Area (MO),Hidden Valley MO official snow and weather report,official_resort,https://www.hiddenvalleyski.com/the-mountain/mountain-conditions/snow-and-weather-report.aspx,https://www.hiddenvalleyski.com/the-mountain/mountain-conditions/snow-and-weather-report.aspx,2026-05-26T03:45:00Z,false,Official page opened; no current numeric base depth exposed in crawlable text.
Snow Creek,Snow Creek official snow and weather report,official_resort,https://www.skisnowcreek.com/the-mountain/mountain-conditions/snow-and-weather-report.aspx,https://www.skisnowcreek.com/the-mountain/mountain-conditions/snow-and-weather-report.aspx,2026-05-26T03:45:00Z,false,Official page opened; confirms Snow & Weather Report link/page. No current numeric base depth exposed in crawlable text.
Paoli Peaks,Paoli Peaks official snow and weather report,official_resort,https://www.paolipeaks.com/the-mountain/mountain-conditions/snow-and-weather-report.aspx,https://www.paolipeaks.com/the-mountain/mountain-conditions/snow-and-weather-report.aspx,2026-05-26T03:45:00Z,false,Official page opened; no current numeric base depth exposed in crawlable text.
Wilmot Mountain,Wilmot official snow and weather report,official_resort,https://www.wilmotmountain.com/the-mountain/mountain-conditions/snow-and-weather-report.aspx,https://www.wilmotmountain.com/the-mountain/mountain-conditions/snow-and-weather-report.aspx,2026-05-26T03:45:00Z,false,Official page opened; no current numeric base depth exposed in crawlable text.
Liberty Mountain Resort,Liberty official snow and weather report,official_resort,https://www.libertymountainresort.com/the-mountain/mountain-conditions/snow-and-weather-report.aspx,https://www.libertymountainresort.com/the-mountain/mountain-conditions/snow-and-weather-report.aspx,2026-05-26T03:45:00Z,false,Official page opened; no current numeric base depth exposed in crawlable text.
Roundtop Mountain Resort,Roundtop official snow and weather report,official_resort,https://www.skiroundtop.com/the-mountain/mountain-conditions/snow-and-weather-report.aspx,https://www.skiroundtop.com/the-mountain/mountain-conditions/snow-and-weather-report.aspx,2026-05-26T03:45:00Z,false,Official page opened; confirms Snow & Weather Report page. No current numeric base depth exposed in crawlable text.
Whitetail Resort,Whitetail official snow and weather report,official_resort,https://www.skiwhitetail.com/the-mountain/mountain-conditions/snow-and-weather-report.aspx,https://www.skiwhitetail.com/the-mountain/mountain-conditions/snow-and-weather-report.aspx,2026-05-26T03:45:00Z,false,Official page opened; no current numeric base depth exposed in crawlable text.
Hidden Valley Resort (PA),Hidden Valley PA official snow and weather report,official_resort,https://www.hiddenvalleyresort.com/the-mountain/mountain-conditions/snow-and-weather-report.aspx,https://www.hiddenvalleyresort.com/the-mountain/mountain-conditions/snow-and-weather-report.aspx,2026-05-26T03:45:00Z,false,Official page opened; no current numeric base depth exposed in crawlable text.
Laurel Mountain,Laurel Mountain official snow and weather report,official_resort,https://www.laurelmountainski.com/the-mountain/mountain-conditions/snow-and-weather-report.aspx,https://www.laurelmountainski.com/the-mountain/mountain-conditions/snow-and-weather-report.aspx,2026-05-26T03:45:00Z,false,Official page opened; no current numeric base depth exposed in crawlable text.
Seven Springs,Seven Springs official snow and weather report,official_resort,https://www.7springs.com/the-mountain/mountain-conditions/snow-and-weather-report.aspx,https://www.7springs.com/the-mountain/mountain-conditions/snow-and-weather-report.aspx,2026-05-26T03:45:00Z,false,Official page opened; confirms Snow and Weather Report link/page. No current numeric base depth exposed in crawlable text.
Keystone,Keystone official snow and weather report,official_resort,https://www.keystoneresort.com/the-mountain/mountain-conditions/snow-and-weather-report.aspx,https://www.keystoneresort.com/the-mountain/mountain-conditions/snow-and-weather-report.aspx,2026-05-26T03:45:00Z,false,Official page opened; no current numeric base depth exposed in crawlable text.
Crested Butte,Crested Butte official snow and weather report,official_resort,https://www.skicb.com/the-mountain/mountain-conditions/snow-and-weather-report.aspx,https://www.skicb.com/the-mountain/mountain-conditions/snow-and-weather-report.aspx,2026-05-26T03:45:00Z,false,Official URL queried/open attempted in batch; record retained for follow-up because current browse summary did not expose numeric base-depth values.
Heavenly,Heavenly official snow and weather report,official_resort,https://www.skiheavenly.com/the-mountain/mountain-conditions/snow-and-weather-report.aspx,https://www.skiheavenly.com/the-mountain/mountain-conditions/snow-and-weather-report.aspx,2026-05-26T03:45:00Z,false,Official page opened; no current numeric base depth exposed in crawlable text.
Northstar California,Northstar official snow and weather report,official_resort,https://www.northstarcalifornia.com/the-mountain/mountain-conditions/snow-and-weather-report.aspx,https://www.northstarcalifornia.com/the-mountain/mountain-conditions/snow-and-weather-report.aspx,2026-05-26T03:45:00Z,false,Official page opened; confirms Weather Report link/page. No current numeric base depth exposed in crawlable text.
Kirkwood,Kirkwood official snow and weather report,official_resort,https://www.kirkwood.com/the-mountain/mountain-conditions/snow-and-weather-report.aspx,https://www.kirkwood.com/the-mountain/mountain-conditions/snow-and-weather-report.aspx,2026-05-26T03:45:00Z,false,Official page opened; no current numeric base depth exposed in crawlable text.
Stevens Pass,Stevens Pass official snow and weather report,official_resort,https://www.stevenspass.com/the-mountain/mountain-conditions/snow-and-weather-report.aspx,https://www.stevenspass.com/the-mountain/mountain-conditions/snow-and-weather-report.aspx,2026-05-26T03:45:00Z,false,Official URL opened/queried in batch; current browse summary did not expose numeric base-depth values.
Stowe,Stowe official snow and weather report,official_resort,https://www.stowe.com/the-mountain/mountain-conditions/snow-and-weather-report.aspx,https://www.stowe.com/the-mountain/mountain-conditions/snow-and-weather-report.aspx,2026-05-26T03:45:00Z,false,Official page opened; no current numeric base depth exposed in crawlable text.
Alpental,Summit at Snoqualmie Alpental official mountain report,official_resort,https://www.summitatsnoqualmie.com/alpental/mountain-report,https://www.summitatsnoqualmie.com/alpental/mountain-report,2026-05-26T04:10:00Z,true,"Official Alpental mountain report search result exposed current/closing report values: last updated Monday 07:30 AM, Apr. 13 2026 closing update, Alpental base depth 26 in, Alpental Mid base depth 51 in, Alpental Top base depth 58 in, 0 in snow since 5am/12h/24h/48h."
Palisades Tahoe,Palisades Tahoe official snow and weather dashboard,official_resort,https://www.palisadestahoe.com/mountain-information/snow-weather,https://www.palisadestahoe.com/mountain-information/snow-weather,2026-05-26T04:10:00Z,false,"Official dashboard queried. Static crawl exposes reporting locations and fields for Overnight, 24 Hours, 7 Days, and Base, but did not expose numeric current values in crawlable text."
Palisades Tahoe,Skiresort.info Palisades Tahoe snow report,aggregator,https://www.skiresort.info/ski-resort/palisades-tahoe/snow-report/,https://www.skiresort.info/ski-resort/palisades-tahoe/snow-report/,2026-05-26T04:10:00Z,true,"Aggregator fallback queried; search result indicated current report updated within the last several days and exposed 28 cm mountain depth, but base depth was not visible in snippet. No base-depth observation recorded."
Alpine Meadows,Palisades Tahoe official snow and weather dashboard,official_resort,https://www.palisadestahoe.com/mountain-information/snow-weather,https://www.palisadestahoe.com/mountain-information/snow-weather,2026-05-26T04:10:00Z,false,"Official Palisades Tahoe dashboard includes Alpine Base @ 6,950 ft and Alpine Crest @ 8,643 ft reporting tabs, but static crawl did not expose numeric current snow-depth values."
Aspen Mountain,Aspen Snowmass official snow report,official_resort,https://www.aspensnowmass.com/our-mountains/snow-report,https://www.aspensnowmass.com/our-mountains/snow-report,2026-05-26T04:10:00Z,false,Official Aspen Snowmass snow-report URL queried; current browse/search attempts did not expose crawlable numeric base-depth values for Aspen Mountain.
Aspen Highlands,Aspen Snowmass official snow report,official_resort,https://www.aspensnowmass.com/our-mountains/snow-report,https://www.aspensnowmass.com/our-mountains/snow-report,2026-05-26T04:10:00Z,false,Official Aspen Snowmass snow-report URL queried; current browse/search attempts did not expose crawlable numeric base-depth values for Aspen Highlands.
Buttermilk,Aspen Snowmass official snow report,official_resort,https://www.aspensnowmass.com/our-mountains/snow-report,https://www.aspensnowmass.com/our-mountains/snow-report,2026-05-26T04:10:00Z,false,Official Aspen Snowmass snow-report URL queried; current browse/search attempts did not expose crawlable numeric base-depth values for Buttermilk.
Snowmass,Aspen Snowmass official snow report,official_resort,https://www.aspensnowmass.com/our-mountains/snow-report,https://www.aspensnowmass.com/our-mountains/snow-report,2026-05-26T04:10:00Z,false,Official Aspen Snowmass snow-report URL queried; current browse/search attempts did not expose crawlable numeric base-depth values for Snowmass.
Arapahoe Basin,A-Basin official snow report,official_resort,https://www.arapahoebasin.com/snow-report/,https://www.arapahoebasin.com/snow-report/,2026-05-26T04:10:00Z,true,"Official A-Basin snow report search result exposed 0 in past 24hr, 0 in past 48hr, 0 in base, 0/147 runs, 0/9 lifts, forecast and conditions; current resort appears closed/summer operations."
Copper Mountain,Copper Mountain official snow report,official_resort,https://www.coppercolorado.com/the-mountain/snow-report/,https://www.coppercolorado.com/the-mountain/snow-report/,2026-05-26T04:10:00Z,false,Official Copper snow-report URL recorded/query attempted; no crawlable numeric base-depth data found in current pass.
Copper Mountain,Snow-Online Copper Mountain snow report,aggregator,https://www.snow-online.com/snow-report/ski-resort/copper-mountain.html,https://www.snow-online.com/snow-report/ski-resort/copper-mountain.html,2026-05-26T04:10:00Z,true,"Aggregator fallback exposed upper 61 cm at 3,792 m, lower/base N/A at 2,946 m, last snowfall 2026-04-14, 4/24 lifts and 23/150 trails open in crawled result. No base-depth observation recorded because lower/base was N/A."
Crystal Mountain Resort,Crystal Mountain official mountain report and webcams,official_resort,https://www.crystalmountainresort.com/the-mountain/mountain-report-and-webcams,https://www.crystalmountainresort.com/the-mountain/mountain-report-and-webcams,2026-05-26T04:10:00Z,false,Official Crystal Mountain mountain-report URL/source context queried; search also found official snowmaking page directing users to Mountain Report & Webcams for real-time conditions. No current numeric base depth exposed from official page in crawlable text.
Crystal Mountain Resort,OnTheSnow Crystal Mountain snow report,aggregator,https://www.onthesnow.com/united-states/crystal-mountain-wa/skireport,https://www.onthesnow.com/united-states/crystal-mountain-wa/skireport,2026-05-26T04:10:00Z,true,"Aggregator fallback says resort-sourced report for Apr. 12 had 36 in base, 54 in mid mountain, 67 in summit, 0 in 24h, variable conditions. Stale/off-season but source explicitly says ski conditions are sourced directly from the resort during official season."
Blue Mountain,Blue Mountain official mountain/conditions hub,official_resort,https://www.bluemountain.ca/mountain,https://www.bluemountain.ca/mountain,2026-05-26T04:10:00Z,false,"Official Blue Mountain Ontario mountain hub queried; page describes conditions report, live webcams, operating hours, maps, and mountain stats, but numeric current base depth was not exposed in crawlable text."
Blue Mountain Resort,Blue Mountain Resort PA official snow report/conditions,official_resort,https://www.skibluemt.com/conditions/,https://www.skibluemt.com/conditions/,2026-05-26T04:10:00Z,false,Official Blue Mountain PA conditions URL recorded/query attempted; no current crawlable numeric value found in this pass.
Blue Mountain Resort,OnTheSnow Blue Mountain Resort PA snow report,aggregator,https://www.onthesnow.com/united-states/blue-mountain-ski-area/skireport,https://www.onthesnow.com/united-states/blue-mountain-ski-area/skireport,2026-05-26T04:10:00Z,true,"Aggregator fallback says resort-sourced report for Dec. 29 had 18 in base, 36 in summit, 0 in 24h, machine groomed/packed powder. Very stale/off-season; recorded with caution."
Boyne Mountain,Boyne Mountain official mountain report,official_resort,https://www.boynemountain.com/mountain-report,https://www.boynemountain.com/mountain-report,2026-05-26T04:10:00Z,false,Official Boyne Mountain report was already identified as the resort snow/conditions source; current search/open results did not expose numeric base-depth values in crawlable text.
Camelback Resort,Camelback official snow report and conditions,official_resort,https://conditions.camelbackresort.com/conditions/,https://conditions.camelbackresort.com/conditions/,2026-05-26T04:10:00Z,false,"Official Camelback conditions page queried; crawl/search text confirmed snow report and base-depth field label, but no numeric current base-depth value was exposed in this pass."
Camelback Resort,Camelback official snow report landing page,official_resort,https://www.camelbackresort.com/snow-report-conditions,https://www.camelbackresort.com/snow-report-conditions,2026-05-26T04:10:00Z,false,Official Camelback snow-report landing page queried; confirms live cameras and snow report/conditions context but no current numeric base depth in crawlable text.
Brighton,Brighton Resort official snow report,official_resort,https://brightonresort.com/conditions,https://brightonresort.com/conditions,2026-05-26T04:10:00Z,false,Official Brighton conditions/snow-report URL recorded/query attempted; no crawlable numeric base-depth values found in this pass.
Alyeska Resort,Alyeska official mountain report,official_resort,https://www.alyeskaresort.com/mountain-report/,https://www.alyeskaresort.com/mountain-report/,2026-05-26T04:10:00Z,false,Official Alyeska mountain-report URL recorded/query attempted; no current numeric base-depth values were exposed in this pass.
Eldora Mountain Resort,Eldora official conditions report,official_resort,https://www.eldora.com/the-mountain/conditions-weather,https://www.eldora.com/the-mountain/conditions-weather,2026-05-26T04:10:00Z,false,Official Eldora conditions/weather URL recorded/query attempted; current numeric base-depth values were not exposed in crawlable text in this pass.
ABLE Hakuba Goryu Snow Resort,Hakuba Valley official weather and snow report,official_resort,https://www.hakubavalley.com/en/weather_en/,https://www.hakubavalley.com/en/weather_en/,2026-05-26T04:35:00Z,true,"Official Hakuba Valley WEATHER & SNOW REPORT page queried. Search result exposed current/closing-season resort rows with snow depth values for several Hakuba Valley resorts, including Goryu 30 cm at 2026-05-03 16:14, Happo-One 0 cm at 2026-05-18 10:08, and Iwatake 0 cm at 2026-04-13 11:52. Other component resort values require detail-page follow-up."
Hakuba 47 Winter Sports Park,Hakuba Valley official weather and snow report,official_resort,https://www.hakubavalley.com/en/weather_en/,https://www.hakubavalley.com/en/weather_en/,2026-05-26T03:50:01Z,true,"Official Hakuba Valley WEATHER & SNOW REPORT exposed current/closing-season resort rows including Hakuba 47 40 cm at 2026-05-06 09:53, Cortina 0 cm at 2026-03-30 08:23, Norikura 0 cm at 2026-03-31 10:03, Jigatake 0 cm at 2026-03-24 10:52, Kashimayari 0 cm at 2026-04-07 13:34, Tsugaike 19 cm at 2026-05-06 11:20, and Sanosaka 0 cm at 2026-03-24 11:21. Centimeter values are converted to inches in observations."
Hakuba Cortina Snow Resort,Hakuba Valley official weather and snow report,official_resort,https://www.hakubavalley.com/en/weather_en/,https://www.hakubavalley.com/en/weather_en/,2026-05-26T03:50:01Z,true,"Official Hakuba Valley WEATHER & SNOW REPORT exposed current/closing-season resort rows including Hakuba 47 40 cm at 2026-05-06 09:53, Cortina 0 cm at 2026-03-30 08:23, Norikura 0 cm at 2026-03-31 10:03, Jigatake 0 cm at 2026-03-24 10:52, Kashimayari 0 cm at 2026-04-07 13:34, Tsugaike 19 cm at 2026-05-06 11:20, and Sanosaka 0 cm at 2026-03-24 11:21. Centimeter values are converted to inches in observations."
Hakuba Happo-one Snow Resort,Hakuba Valley official weather and snow report,official_resort,https://www.hakubavalley.com/en/weather_en/,https://www.hakubavalley.com/en/weather_en/,2026-05-26T04:35:00Z,true,"Official Hakuba Valley WEATHER & SNOW REPORT page queried. Search result exposed current/closing-season resort rows with snow depth values for several Hakuba Valley resorts, including Goryu 30 cm at 2026-05-03 16:14, Happo-One 0 cm at 2026-05-18 10:08, and Iwatake 0 cm at 2026-04-13 11:52. Other component resort values require detail-page follow-up."
Hakuba Iwatake Snow Field,Hakuba Valley official weather and snow report,official_resort,https://www.hakubavalley.com/en/weather_en/,https://www.hakubavalley.com/en/weather_en/,2026-05-26T04:35:00Z,true,"Official Hakuba Valley WEATHER & SNOW REPORT page queried. Search result exposed current/closing-season resort rows with snow depth values for several Hakuba Valley resorts, including Goryu 30 cm at 2026-05-03 16:14, Happo-One 0 cm at 2026-05-18 10:08, and Iwatake 0 cm at 2026-04-13 11:52. Other component resort values require detail-page follow-up."
Hakuba Norikura Onsen Snow Resort,Hakuba Valley official weather and snow report,official_resort,https://www.hakubavalley.com/en/weather_en/,https://www.hakubavalley.com/en/weather_en/,2026-05-26T03:50:01Z,true,"Official Hakuba Valley WEATHER & SNOW REPORT exposed current/closing-season resort rows including Hakuba 47 40 cm at 2026-05-06 09:53, Cortina 0 cm at 2026-03-30 08:23, Norikura 0 cm at 2026-03-31 10:03, Jigatake 0 cm at 2026-03-24 10:52, Kashimayari 0 cm at 2026-04-07 13:34, Tsugaike 19 cm at 2026-05-06 11:20, and Sanosaka 0 cm at 2026-03-24 11:21. Centimeter values are converted to inches in observations."
Jigatake Snow Resort,Hakuba Valley official weather and snow report,official_resort,https://www.hakubavalley.com/en/weather_en/,https://www.hakubavalley.com/en/weather_en/,2026-05-26T03:50:01Z,true,"Official Hakuba Valley WEATHER & SNOW REPORT exposed current/closing-season resort rows including Hakuba 47 40 cm at 2026-05-06 09:53, Cortina 0 cm at 2026-03-30 08:23, Norikura 0 cm at 2026-03-31 10:03, Jigatake 0 cm at 2026-03-24 10:52, Kashimayari 0 cm at 2026-04-07 13:34, Tsugaike 19 cm at 2026-05-06 11:20, and Sanosaka 0 cm at 2026-03-24 11:21. Centimeter values are converted to inches in observations."
Kashimayari Snow Resort,Hakuba Valley official weather and snow report,official_resort,https://www.hakubavalley.com/en/weather_en/,https://www.hakubavalley.com/en/weather_en/,2026-05-26T03:50:01Z,true,"Official Hakuba Valley WEATHER & SNOW REPORT exposed current/closing-season resort rows including Hakuba 47 40 cm at 2026-05-06 09:53, Cortina 0 cm at 2026-03-30 08:23, Norikura 0 cm at 2026-03-31 10:03, Jigatake 0 cm at 2026-03-24 10:52, Kashimayari 0 cm at 2026-04-07 13:34, Tsugaike 19 cm at 2026-05-06 11:20, and Sanosaka 0 cm at 2026-03-24 11:21. Centimeter values are converted to inches in observations."
Tsugaike Mountain Resort,Hakuba Valley official weather and snow report,official_resort,https://www.hakubavalley.com/en/weather_en/,https://www.hakubavalley.com/en/weather_en/,2026-05-26T03:50:01Z,true,"Official Hakuba Valley WEATHER & SNOW REPORT exposed current/closing-season resort rows including Hakuba 47 40 cm at 2026-05-06 09:53, Cortina 0 cm at 2026-03-30 08:23, Norikura 0 cm at 2026-03-31 10:03, Jigatake 0 cm at 2026-03-24 10:52, Kashimayari 0 cm at 2026-04-07 13:34, Tsugaike 19 cm at 2026-05-06 11:20, and Sanosaka 0 cm at 2026-03-24 11:21. Centimeter values are converted to inches in observations."
White Resort Hakuba Sanosaka,Hakuba Valley official weather and snow report,official_resort,https://www.hakubavalley.com/en/weather_en/,https://www.hakubavalley.com/en/weather_en/,2026-05-26T03:50:01Z,true,"Official Hakuba Valley WEATHER & SNOW REPORT exposed current/closing-season resort rows including Hakuba 47 40 cm at 2026-05-06 09:53, Cortina 0 cm at 2026-03-30 08:23, Norikura 0 cm at 2026-03-31 10:03, Jigatake 0 cm at 2026-03-24 10:52, Kashimayari 0 cm at 2026-04-07 13:34, Tsugaike 19 cm at 2026-05-06 11:20, and Sanosaka 0 cm at 2026-03-24 11:21. Centimeter values are converted to inches in observations."
Giant Ski Area,Shiga Kogen official live lift/status page,official_resort,https://shigakogen-ski.or.jp/lift/giant/index-en.html,https://shigakogen-ski.or.jp/lift/giant/index-en.html,2026-05-26T04:35:00Z,false,"Official Shiga Kogen live-status/lift page queried. Current search result confirms real-time lift status, course status, and area pages, but this pass did not expose a stable current snow-base-depth value for this specific resort row. Use as official queried source pending detail-page extraction/API discovery."
Hasuike Ski Area,Shiga Kogen official live lift/status page,official_resort,https://www.shigakogen-ski.or.jp/lift/hasuike/index-en.html,https://www.shigakogen-ski.or.jp/lift/hasuike/index-en.html,2026-05-26T04:35:00Z,false,"Official Shiga Kogen live-status/lift page queried. Current search result confirms real-time lift status, course status, and area pages, but this pass did not expose a stable current snow-base-depth value for this specific resort row. Use as official queried source pending detail-page extraction/API discovery."
Ichinose Diamond Ski Area,Shiga Kogen official live lift/status page,official_resort,https://www.shigakogen-ski.or.jp/lift/ichinosediamond/index-en.html,https://www.shigakogen-ski.or.jp/lift/ichinosediamond/index-en.html,2026-05-26T04:35:00Z,false,"Official Shiga Kogen live-status/lift page queried. Current search result confirms real-time lift status, course status, and area pages, but this pass did not expose a stable current snow-base-depth value for this specific resort row. Use as official queried source pending detail-page extraction/API discovery."
Ichinose Family Ski Area,Shiga Kogen official live lift/status page,official_resort,https://www.shigakogen-ski.or.jp/lift/ichinosefamily/index-en.html,https://www.shigakogen-ski.or.jp/lift/ichinosefamily/index-en.html,2026-05-26T04:35:00Z,false,"Official Shiga Kogen live-status/lift page queried. Current search result confirms real-time lift status, course status, and area pages, but this pass did not expose a stable current snow-base-depth value for this specific resort row. Use as official queried source pending detail-page extraction/API discovery."
Ichinose Yamanokami Ski Area,Shiga Kogen official live lift/status page,official_resort,https://www.shigakogen-ski.or.jp/lift/ichinoseyamanokami/index-en.html,https://www.shigakogen-ski.or.jp/lift/ichinoseyamanokami/index-en.html,2026-05-26T04:35:00Z,false,"Official Shiga Kogen live-status/lift page queried. Current search result confirms real-time lift status, course status, and area pages, but this pass did not expose a stable current snow-base-depth value for this specific resort row. Use as official queried source pending detail-page extraction/API discovery."
Kumanoyu Ski Area,Shiga Kogen official live lift/status page,official_resort,https://www.shigakogen-ski.or.jp/lift/kumanoyu/index-en.html,https://www.shigakogen-ski.or.jp/lift/kumanoyu/index-en.html,2026-05-26T04:35:00Z,false,"Official Shiga Kogen live-status/lift page queried. Current search result confirms real-time lift status, course status, and area pages, but this pass did not expose a stable current snow-base-depth value for this specific resort row. Use as official queried source pending detail-page extraction/API discovery."
Yakebitaiyama Ski Area,Shiga Kogen official live lift/status page,official_resort,https://www.shigakogen-ski.or.jp/lift/yakebitaiyama/index-en.html,https://www.shigakogen-ski.or.jp/lift/yakebitaiyama/index-en.html,2026-05-26T04:35:00Z,false,"Official Shiga Kogen live-status/lift page queried. Current search result confirms real-time lift status, course status, and area pages, but this pass did not expose a stable current snow-base-depth value for this specific resort row. Use as official queried source pending detail-page extraction/API discovery."
Okushiga Kogen Ski Area,Shiga Kogen official live lift/status page,official_resort,https://www.shigakogen-ski.or.jp/lift/okushiga/index-en.html,https://www.shigakogen-ski.or.jp/lift/okushiga/index-en.html,2026-05-26T04:35:00Z,false,"Official Shiga Kogen live-status/lift page queried. Current search result confirms real-time lift status, course status, and area pages, but this pass did not expose a stable current snow-base-depth value for this specific resort row. Use as official queried source pending detail-page extraction/API discovery."
Yokoteyama Ski Area,Shiga Kogen official live lift/status page,official_resort,https://www.shigakogen-ski.or.jp/lift/yokoteyama-shibutoge/,https://www.shigakogen-ski.or.jp/lift/yokoteyama-shibutoge/,2026-05-26T04:35:00Z,false,"Official Shiga Kogen live-status/lift page queried. Current search result confirms real-time lift status, course status, and area pages, but this pass did not expose a stable current snow-base-depth value for this specific resort row. Use as official queried source pending detail-page extraction/API discovery."
Shibutoge Ski Area,Shiga Kogen official live lift/status page,official_resort,https://www.shigakogen-ski.or.jp/lift/yokoteyama-shibutoge/,https://www.shigakogen-ski.or.jp/lift/yokoteyama-shibutoge/,2026-05-26T04:35:00Z,false,"Official Shiga Kogen live-status/lift page queried. Current search result confirms real-time lift status, course status, and area pages, but this pass did not expose a stable current snow-base-depth value for this specific resort row. Use as official queried source pending detail-page extraction/API discovery."
Takamagahara Mammoth Ski Area,Shiga Kogen official live lift/status page,official_resort,https://www.shigakogen-ski.or.jp/lift/takamagahara/index-en.html,https://www.shigakogen-ski.or.jp/lift/takamagahara/index-en.html,2026-05-26T04:35:00Z,false,"Official Shiga Kogen live-status/lift page queried. Current search result confirms real-time lift status, course status, and area pages, but this pass did not expose a stable current snow-base-depth value for this specific resort row. Use as official queried source pending detail-page extraction/API discovery."
Nishidateyama Ski Area,Shiga Kogen official live lift/status page,official_resort,https://www.shigakogen-ski.or.jp/lift/nishidateyama/index-en.html,https://www.shigakogen-ski.or.jp/lift/nishidateyama/index-en.html,2026-05-26T04:35:00Z,false,"Official Shiga Kogen live-status/lift page queried. Current search result confirms real-time lift status, course status, and area pages, but this pass did not expose a stable current snow-base-depth value for this specific resort row. Use as official queried source pending detail-page extraction/API discovery."
Maruike Ski Area,Shiga Kogen official live lift/status page,official_resort,https://www.shigakogen-ski.or.jp/lift/maruike/index-en.html,https://www.shigakogen-ski.or.jp/lift/maruike/index-en.html,2026-05-26T04:35:00Z,false,"Official Shiga Kogen live-status/lift page queried. Current search result confirms real-time lift status, course status, and area pages, but this pass did not expose a stable current snow-base-depth value for this specific resort row. Use as official queried source pending detail-page extraction/API discovery."
Sun Valley Ski Area,Shiga Kogen official live lift/status page,official_resort,https://shigakogen-ski.or.jp/lift/sunvalley/index.html,https://shigakogen-ski.or.jp/lift/sunvalley/index.html,2026-05-26T04:35:00Z,false,"Official Shiga Kogen live-status/lift page queried. Current search result confirms real-time lift status, course status, and area pages, but this pass did not expose a stable current snow-base-depth value for this specific resort row. Use as official queried source pending detail-page extraction/API discovery."
Terakoya Ski Area,Shiga Kogen official live lift/status page,official_resort,https://www.shigakogen-ski.or.jp/lift/terakoya/index-en.html,https://www.shigakogen-ski.or.jp/lift/terakoya/index-en.html,2026-05-26T04:35:00Z,false,"Official Shiga Kogen live-status/lift page queried. Current search result confirms real-time lift status, course status, and area pages, but this pass did not expose a stable current snow-base-depth value for this specific resort row. Use as official queried source pending detail-page extraction/API discovery."
Tannenomori Okojo Ski Area,Shiga Kogen official live lift/status page,official_resort,https://www.shigakogen-ski.or.jp/lift/tannenomori/index-en.html,https://www.shigakogen-ski.or.jp/lift/tannenomori/index-en.html,2026-05-26T04:35:00Z,false,"Official Shiga Kogen live-status/lift page queried. Current search result confirms real-time lift status, course status, and area pages, but this pass did not expose a stable current snow-base-depth value for this specific resort row. Use as official queried source pending detail-page extraction/API discovery."
Hoppo Bunadaira Ski Area,Shiga Kogen official live lift/status page,official_resort,https://www.shigakogen-ski.or.jp/lift/hoppo-bunadaira/index-en.html,https://www.shigakogen-ski.or.jp/lift/hoppo-bunadaira/index-en.html,2026-05-26T04:35:00Z,false,"Official Shiga Kogen live-status/lift page queried. Current search result confirms real-time lift status, course status, and area pages, but this pass did not expose a stable current snow-base-depth value for this specific resort row. Use as official queried source pending detail-page extraction/API discovery."
Higashidateyama Ski Area,Shiga Kogen official live lift/status page,official_resort,https://www.shigakogen-ski.or.jp/lift/higashidateyama/index-en.html,https://www.shigakogen-ski.or.jp/lift/higashidateyama/index-en.html,2026-05-26T04:35:00Z,false,"Official Shiga Kogen live-status/lift page queried. Current search result confirms real-time lift status, course status, and area pages, but this pass did not expose a stable current snow-base-depth value for this specific resort row. Use as official queried source pending detail-page extraction/API discovery."
Annupuri,Niseko United official lift/status and weather page,official_resort,https://www.niseko.ne.jp/en/niseko-lift-status/,https://www.niseko.ne.jp/en/niseko-lift-status/,2026-05-26T04:35:00Z,false,Official Niseko United lift/status/weather page recorded for the shared Niseko United area. Current search/open pass did not expose crawlable current base-depth values for this component resort.
Annupuri,Snow-Online Niseko United snow report,aggregator,https://www.snow-online.com/snow-report/ski-resort/niseko-united-hanazono-grand-hirafu-niseko-village-annupuri-.html,https://www.snow-online.com/snow-report/ski-resort/niseko-united-hanazono-grand-hirafu-niseko-village-annupuri-.html,2026-05-26T04:35:00Z,false,"Aggregator fallback for Niseko United was queried, but search/crawl result did not expose usable numeric base-depth values in this pass."
Grand Hirafu,Niseko United official lift/status and weather page,official_resort,https://www.niseko.ne.jp/en/niseko-lift-status/,https://www.niseko.ne.jp/en/niseko-lift-status/,2026-05-26T04:35:00Z,false,Official Niseko United lift/status/weather page recorded for the shared Niseko United area. Current search/open pass did not expose crawlable current base-depth values for this component resort.
Grand Hirafu,Snow-Online Niseko United snow report,aggregator,https://www.snow-online.com/snow-report/ski-resort/niseko-united-hanazono-grand-hirafu-niseko-village-annupuri-.html,https://www.snow-online.com/snow-report/ski-resort/niseko-united-hanazono-grand-hirafu-niseko-village-annupuri-.html,2026-05-26T04:35:00Z,false,"Aggregator fallback for Niseko United was queried, but search/crawl result did not expose usable numeric base-depth values in this pass."
Hanazano,Niseko United official lift/status and weather page,official_resort,https://www.niseko.ne.jp/en/niseko-lift-status/,https://www.niseko.ne.jp/en/niseko-lift-status/,2026-05-26T04:35:00Z,false,Official Niseko United lift/status/weather page recorded for the shared Niseko United area. Current search/open pass did not expose crawlable current base-depth values for this component resort.
Hanazano,Snow-Online Niseko United snow report,aggregator,https://www.snow-online.com/snow-report/ski-resort/niseko-united-hanazono-grand-hirafu-niseko-village-annupuri-.html,https://www.snow-online.com/snow-report/ski-resort/niseko-united-hanazono-grand-hirafu-niseko-village-annupuri-.html,2026-05-26T04:35:00Z,false,"Aggregator fallback for Niseko United was queried, but search/crawl result did not expose usable numeric base-depth values in this pass."
Niseko Village,Niseko United official lift/status and weather page,official_resort,https://www.niseko.ne.jp/en/niseko-lift-status/,https://www.niseko.ne.jp/en/niseko-lift-status/,2026-05-26T04:35:00Z,false,Official Niseko United lift/status/weather page recorded for the shared Niseko United area. Current search/open pass did not expose crawlable current base-depth values for this component resort.
Niseko Village,Snow-Online Niseko United snow report,aggregator,https://www.snow-online.com/snow-report/ski-resort/niseko-united-hanazono-grand-hirafu-niseko-village-annupuri-.html,https://www.snow-online.com/snow-report/ski-resort/niseko-united-hanazono-grand-hirafu-niseko-village-annupuri-.html,2026-05-26T04:35:00Z,false,"Aggregator fallback for Niseko United was queried, but search/crawl result did not expose usable numeric base-depth values in this pass."
3 Peaks Dolomites,Dolomiti Superski official open slopes/snow report,official_resort,https://www.dolomitisuperski.com/en/Ski-area/Slope-opening,https://www.dolomitisuperski.com/en/Ski-area/Slope-opening,2026-05-26T04:35:00Z,false,"Official Dolomiti Superski slope-opening/snow-report hub recorded for this Dolomiti Superski resort row. Current search result confirms official real-time updates/open lifts/snow-report context, but no crawlable numeric base-depth value was captured for this resort in this pass."
Alpe Lusia – San Pellegrino,Dolomiti Superski official open slopes/snow report,official_resort,https://www.dolomitisuperski.com/en/Ski-area/Slope-opening,https://www.dolomitisuperski.com/en/Ski-area/Slope-opening,2026-05-26T04:35:00Z,false,"Official Dolomiti Superski slope-opening/snow-report hub recorded for this Dolomiti Superski resort row. Current search result confirms official real-time updates/open lifts/snow-report context, but no crawlable numeric base-depth value was captured for this resort in this pass."
Alta Badia,Dolomiti Superski official open slopes/snow report,official_resort,https://www.dolomitisuperski.com/en/Ski-area/Slope-opening,https://www.dolomitisuperski.com/en/Ski-area/Slope-opening,2026-05-26T04:35:00Z,false,"Official Dolomiti Superski slope-opening/snow-report hub recorded for this Dolomiti Superski resort row. Current search result confirms official real-time updates/open lifts/snow-report context, but no crawlable numeric base-depth value was captured for this resort in this pass."
Arabba/Marmolada,Dolomiti Superski official open slopes/snow report,official_resort,https://www.dolomitisuperski.com/en/Ski-area/Slope-opening,https://www.dolomitisuperski.com/en/Ski-area/Slope-opening,2026-05-26T04:35:00Z,false,"Official Dolomiti Superski slope-opening/snow-report hub recorded for this Dolomiti Superski resort row. Current search result confirms official real-time updates/open lifts/snow-report context, but no crawlable numeric base-depth value was captured for this resort in this pass."
Civetta,Dolomiti Superski official open slopes/snow report,official_resort,https://www.dolomitisuperski.com/en/Ski-area/Slope-opening,https://www.dolomitisuperski.com/en/Ski-area/Slope-opening,2026-05-26T04:35:00Z,false,"Official Dolomiti Superski slope-opening/snow-report hub recorded for this Dolomiti Superski resort row. Current search result confirms official real-time updates/open lifts/snow-report context, but no crawlable numeric base-depth value was captured for this resort in this pass."
Cortina d’Ampezzo,Dolomiti Superski official open slopes/snow report,official_resort,https://www.dolomitisuperski.com/en/Ski-area/Slope-opening,https://www.dolomitisuperski.com/en/Ski-area/Slope-opening,2026-05-26T04:35:00Z,false,"Official Dolomiti Superski slope-opening/snow-report hub recorded for this Dolomiti Superski resort row. Current search result confirms official real-time updates/open lifts/snow-report context, but no crawlable numeric base-depth value was captured for this resort in this pass."
Kronplatz/Plan de Corones,Dolomiti Superski official open slopes/snow report,official_resort,https://www.dolomitisuperski.com/en/Ski-area/Slope-opening,https://www.dolomitisuperski.com/en/Ski-area/Slope-opening,2026-05-26T04:35:00Z,false,"Official Dolomiti Superski slope-opening/snow-report hub recorded for this Dolomiti Superski resort row. Current search result confirms official real-time updates/open lifts/snow-report context, but no crawlable numeric base-depth value was captured for this resort in this pass."
Val Gardena/Alpe di Siusi,Dolomiti Superski official open slopes/snow report,official_resort,https://www.dolomitisuperski.com/en/Ski-area/Slope-opening,https://www.dolomitisuperski.com/en/Ski-area/Slope-opening,2026-05-26T04:35:00Z,false,"Official Dolomiti Superski slope-opening/snow-report hub recorded for this Dolomiti Superski resort row. Current search result confirms official real-time updates/open lifts/snow-report context, but no crawlable numeric base-depth value was captured for this resort in this pass."
Val di Fassa/Carezza,Dolomiti Superski official open slopes/snow report,official_resort,https://www.dolomitisuperski.com/en/Ski-area/Slope-opening,https://www.dolomitisuperski.com/en/Ski-area/Slope-opening,2026-05-26T04:35:00Z,false,"Official Dolomiti Superski slope-opening/snow-report hub recorded for this Dolomiti Superski resort row. Current search result confirms official real-time updates/open lifts/snow-report context, but no crawlable numeric base-depth value was captured for this resort in this pass."
Val di Fiemme/Obereggen,Dolomiti Superski official open slopes/snow report,official_resort,https://www.dolomitisuperski.com/en/Ski-area/Slope-opening,https://www.dolomitisuperski.com/en/Ski-area/Slope-opening,2026-05-26T04:35:00Z,false,"Official Dolomiti Superski slope-opening/snow-report hub recorded for this Dolomiti Superski resort row. Current search result confirms official real-time updates/open lifts/snow-report context, but no crawlable numeric base-depth value was captured for this resort in this pass."
Alta Badia,Alta Badia official open lifts and snow report,official_resort,https://www.altabadia.org/en/open-lifts-snow-report-dolomites,https://www.altabadia.org/en/open-lifts-snow-report-dolomites,2026-05-26T04:35:00Z,false,"Official Alta Badia page queried; search result confirms snow depth and conditions plus operating lifts, but current numeric depth values were not exposed in captured text."
Arabba/Marmolada,Arabba official Dolomiti snow report,official_resort,https://www.dolomiti.org/en/arabba/impianti/,https://www.dolomiti.org/en/arabba/impianti/,2026-05-26T04:35:00Z,false,Official Arabba/Marmolada snow report/open lifts page queried; current numeric base-depth values were not exposed in captured text.
Bear Mountain,Big Bear Mountain Resort official mountain information,official_resort,https://www.bigbearmountainresort.com/mountain-information,https://www.bigbearmountainresort.com/mountain-information,2026-05-26T05:05:00Z,false,"Official Big Bear Mountain Resort mountain-information/current operations source queried for Bear Mountain, Snow Summit, and Snow Valley. Search result confirmed official operations, daily-message context, snowmaking and season snowfall history, but no current base-depth value was exposed in crawlable text."
Snow Summit,Big Bear Mountain Resort official mountain information,official_resort,https://www.bigbearmountainresort.com/mountain-information,https://www.bigbearmountainresort.com/mountain-information,2026-05-26T05:05:00Z,false,"Official Big Bear Mountain Resort mountain-information/current operations source queried for Bear Mountain, Snow Summit, and Snow Valley. Search result confirmed official operations, daily-message context, snowmaking and season snowfall history, but no current base-depth value was exposed in crawlable text."
Snow Valley,Big Bear Mountain Resort official mountain information,official_resort,https://www.bigbearmountainresort.com/mountain-information,https://www.bigbearmountainresort.com/mountain-information,2026-05-26T05:05:00Z,false,"Official Big Bear Mountain Resort mountain-information/current operations source queried for Bear Mountain, Snow Summit, and Snow Valley. Search result confirmed official operations, daily-message context, snowmaking and season snowfall history, but no current base-depth value was exposed in crawlable text."
Bear Mountain,SnowStash Big Bear snow report,aggregator,https://snowstash.com/usa/california/big-bear/snow-report,https://snowstash.com/usa/california/big-bear/snow-report,2026-05-26T05:05:00Z,false,"Fallback snow-report page queried for Big Bear; crawl text did not expose a current numeric base-depth value in the captured portion, so no observation recorded."
Perisher,Perisher official snow report,official_resort,https://www.perisher.com.au/reports-cams/reports/snow-report,https://www.perisher.com.au/reports-cams/reports/snow-report,2026-05-26T03:50:01Z,true,"Official snow report stated Perisher was in pre-season with lifts planned from June 6, 2026, weather permitting. No current base-depth number was exposed; under project policy, source-supported pre-season/no-current-skiing status is normalized to 0 inches."
Falls Creek,Falls Creek official snow report,official_resort,https://www.skifalls.com.au/snow-report,https://www.skifalls.com.au/snow-report,2026-05-26T05:05:00Z,false,Official Falls Creek snow-report URL recorded/query attempted; no crawlable numeric current base-depth value captured in this pass.
Hotham,Hotham official snow report,official_resort,https://www.mthotham.com.au/snow-report,https://www.mthotham.com.au/snow-report,2026-05-26T05:05:00Z,false,Official Hotham snow-report URL recorded/query attempted; no crawlable numeric current base-depth value captured in this pass.
Mt Buller,Mt Buller official snow report,official_resort,https://www.mtbuller.com.au/Winter/snow-weather/snow-report,https://www.mtbuller.com.au/Winter/snow-weather/snow-report,2026-05-26T05:05:00Z,true,"Official Mt Buller snow report exposed No Snow resort cover, 0 cm snow last 24 hours, last snowfall 2025-10-03, 0 of 19 lifts, 0 of 76 trails, observations from BoM at 1707 m, last updated 2026-05-09 15:00 local."
Mt Hutt,Mt Hutt official weather report,official_resort,https://www.mthutt.co.nz/weather-report/,https://www.mthutt.co.nz/weather-report/,2026-05-26T05:05:00Z,false,"Official Mt Hutt weather report queried; search result confirms snow depth reporting and says snow base is measured on main groomed trails using SnowSAT technology, but captured text did not expose current numeric base depth."
Mt Hutt,Snow-Online Mt Hutt snow report,aggregator,https://www.snow-online.com/snow-report/ski-resort/mt-hutt.html,https://www.snow-online.com/snow-report/ski-resort/mt-hutt.html,2026-05-26T05:05:00Z,true,"Aggregator fallback exposed current snow depths: upper 0 cm at 2,086 m, lower 0 cm at 1,438 m, last snowfall 2026-05-10, 0/5 lifts, closed."
Coronet Peak,Coronet Peak official weather report,official_resort,https://www.coronetpeak.co.nz/weather-report/,https://www.coronetpeak.co.nz/weather-report/,2026-05-26T05:05:00Z,false,Official Coronet Peak weather/snow-report URL recorded/query attempted; no crawlable numeric current base-depth value captured in this pass.
The Remarkables,The Remarkables official weather report,official_resort,https://www.theremarkables.co.nz/weather-report/,https://www.theremarkables.co.nz/weather-report/,2026-05-26T05:05:00Z,false,Official The Remarkables weather/snow-report URL recorded/query attempted; no crawlable numeric current base-depth value captured in this pass.
Thredbo,Thredbo official weather report,official_resort,https://www.thredbo.com.au/weather-report/,https://www.thredbo.com.au/weather-report/,2026-05-26T05:05:00Z,false,Official Thredbo weather-report URL recorded/query attempted; no crawlable numeric current base-depth value captured in this pass.
Banff Sunshine,SkiBig3 official snow conditions,official_resort,https://www.skibig3.com/snow-conditions/,https://www.skibig3.com/snow-conditions/,2026-05-26T05:05:00Z,true,"Official SkiBig3 snow conditions page queried. Search result exposed Banff Sunshine/Lake Louise/Mt Norquay snow report fields with 0 in overnight, 0 in 24h, Base 0 in and season status/closing dates. Treat as official shared Banff-area source."
Lake Louise Ski Resort,SkiBig3 official snow conditions,official_resort,https://www.skibig3.com/snow-conditions/,https://www.skibig3.com/snow-conditions/,2026-05-26T05:05:00Z,true,"Official SkiBig3 snow conditions page queried. Search result exposed Banff Sunshine/Lake Louise/Mt Norquay snow report fields with 0 in overnight, 0 in 24h, Base 0 in and season status/closing dates. Treat as official shared Banff-area source."
Mt. Norquay,SkiBig3 official snow conditions,official_resort,https://www.skibig3.com/snow-conditions/,https://www.skibig3.com/snow-conditions/,2026-05-26T05:05:00Z,true,"Official SkiBig3 snow conditions page queried. Search result exposed Banff Sunshine/Lake Louise/Mt Norquay snow report fields with 0 in overnight, 0 in 24h, Base 0 in and season status/closing dates. Treat as official shared Banff-area source."
Lake Louise Ski Resort,Lake Louise official reports index,official_resort,https://reports.skilouise.com/,https://reports.skilouise.com/,2026-05-26T05:05:00Z,true,Official Lake Louise reports index queried. Search result exposed snow depth 230 cm and 151 cm but without stable labels in captured text; official SkiBig3 zero/off-season row is preferred for current source state.
Fernie Alpine Resort,Fernie official snow report PDF,official_resort,https://skifernie.com/pdf-view?template=snowreport,https://skifernie.com/pdf-view?template=snowreport,2026-05-26T05:05:00Z,false,"Official Fernie/RCR snow-report PDF endpoint queried; captured result only exposed Snow heading, no usable numeric base-depth values in this pass."
Fernie Alpine Resort,Snow-Forecast Fernie snow report,aggregator,https://www.snow-forecast.com/resorts/Fernie/snow-report,https://www.snow-forecast.com/resorts/Fernie/snow-report,2026-05-26T05:05:00Z,true,"Aggregator fallback exposed Fernie updated 2026-05-08, resort closed, upper snow depth 0 cm and lower snow depth 0 cm; reports provided by Snow-Forecast network / Skiresort Service International."
Kicking Horse Mountain Resort,Kicking Horse official snow report,official_resort,https://kickinghorseresort.com/conditions/snow-report,https://kickinghorseresort.com/conditions/snow-report,2026-05-26T05:05:00Z,false,"Official Kicking Horse snow report queried. Captured text confirms recent snowfall fields and base field taken from Alpine Snow Plot at 2,060 m, but no numeric values captured in this pass."
Kimberley Alpine Resort,Kimberley official conditions,official_resort,https://skikimberley.com/conditions/,https://skikimberley.com/conditions/,2026-05-26T05:05:00Z,false,"Official Kimberley conditions page queried. Search result confirms snow conditions, upper mountain, quad top and base-area context, but no numeric values captured in this pass."
Panorama,Panorama official snow report,official_resort,https://www.panoramaresort.com/explore/snow-report/,https://www.panoramaresort.com/explore/snow-report/,2026-05-26T05:05:00Z,false,Official Panorama snow-report URL recorded/query attempted; no crawlable numeric current base-depth values captured.
Panorama,Skiresort.info Panorama snow report,aggregator,https://www.skiresort.info/ski-resort/panorama/snow-report/,https://www.skiresort.info/ski-resort/panorama/snow-report/,2026-05-26T03:50:01Z,true,"Aggregator fallback updated 2026-05-12 reported ski resort closed and mountain/base snow depths unavailable/dash. Under project policy, source-supported closed status is usable as a normalized 0-inch current base observation, with aggregator provenance retained."
Nakiska Ski Area,Nakiska official snow report,official_resort,https://skinakiska.com/conditions/snow-report/,https://skinakiska.com/conditions/snow-report/,2026-05-26T05:05:00Z,false,Official Nakiska snow-report URL recorded/query attempted; no crawlable numeric current base-depth values captured in this pass.
Killington,Killington official snow report,official_resort,https://map.killington.com/conditions/snow-report/printable-report/,https://map.killington.com/conditions/snow-report/printable-report/,2026-05-26T05:05:00Z,false,Official Killington printable snow-report page queried; captured report text did not expose stable numeric base-depth fields in this pass.
Loon Mountain,Loon official mountain report,official_resort,https://www.loonmtn.com/conditions,https://www.loonmtn.com/conditions,2026-05-26T05:05:00Z,false,Official Loon conditions URL recorded/query attempted; no crawlable numeric current base-depth values captured.
Loon Mountain,OpenSnow Loon snow report,aggregator,https://opensnow.com/location/loonmountain/snow-report,https://opensnow.com/location/loonmountain/snow-report,2026-05-26T05:05:00Z,true,Aggregator fallback queried; search result exposed 0 in Base Depth and states it may combine resort-reported and OpenSnow-estimated data. Use cautiously.
Sunday River,Sunday River official mountain report,official_resort,https://www.sundayriver.com/mountain-report,https://www.sundayriver.com/mountain-report,2026-05-26T05:05:00Z,false,Official Sunday River mountain-report URL recorded; search result from official press page points to this as latest snow/mountain conditions source. No crawlable numeric value captured directly from official page.
Sunday River,Skiresort.info Sunday River snow report,aggregator,https://www.skiresort.info/ski-resort/sunday-river/snow-report/,https://www.skiresort.info/ski-resort/sunday-river/snow-report/,2026-05-26T05:05:00Z,false,"Aggregator fallback queried; updated 2026-05-18 but mountain/base snow depths unavailable/dash and resort closed, so no numeric observation recorded."
Sugarloaf,Sugarloaf official mountain report,official_resort,https://www.sugarloaf.com/mountain-report,https://www.sugarloaf.com/mountain-report,2026-05-26T05:05:00Z,false,Official Sugarloaf mountain-report URL recorded/query attempted; no crawlable numeric current base-depth values captured.
Pico Mountain,Pico Mountain official conditions,official_resort,https://www.picomountain.com/the-mountain/conditions,https://www.picomountain.com/the-mountain/conditions,2026-05-26T05:05:00Z,false,Official Pico conditions URL recorded/query attempted; no crawlable numeric current base-depth values captured.
Mount Snow,Mount Snow official snow and weather report,official_resort,https://www.mountsnow.com/the-mountain/mountain-conditions/snow-and-weather-report.aspx,https://www.mountsnow.com/the-mountain/mountain-conditions/snow-and-weather-report.aspx,2026-05-26T05:05:00Z,false,Official Vail Resorts Mount Snow snow/weather page recorded/query attempted; no crawlable numeric base-depth value captured.
Mount Sunapee,Mount Sunapee official snow and weather report,official_resort,https://www.mountsunapee.com/the-mountain/mountain-conditions/snow-and-weather-report.aspx,https://www.mountsunapee.com/the-mountain/mountain-conditions/snow-and-weather-report.aspx,2026-05-26T05:05:00Z,false,Official Vail Resorts Mount Sunapee snow/weather page recorded/query attempted; no crawlable numeric base-depth value captured.
Okemo,Okemo official snow and weather report,official_resort,https://www.okemo.com/the-mountain/mountain-conditions/snow-and-weather-report.aspx,https://www.okemo.com/the-mountain/mountain-conditions/snow-and-weather-report.aspx,2026-05-26T05:05:00Z,false,Official Vail Resorts Okemo snow/weather page recorded/query attempted; no crawlable numeric base-depth value captured.
Hunter Mountain,Hunter official snow and weather report,official_resort,https://www.huntermtn.com/the-mountain/mountain-conditions/snow-and-weather-report.aspx,https://www.huntermtn.com/the-mountain/mountain-conditions/snow-and-weather-report.aspx,2026-05-26T05:05:00Z,false,Official Vail Resorts Hunter snow/weather page recorded/query attempted; no crawlable numeric base-depth value captured.
Crotched Mountain,Crotched official snow and weather report,official_resort,https://www.crotchedmtn.com/the-mountain/mountain-conditions/snow-and-weather-report.aspx,https://www.crotchedmtn.com/the-mountain/mountain-conditions/snow-and-weather-report.aspx,2026-05-26T05:05:00Z,false,Official Vail Resorts Crotched snow/weather page recorded/query attempted; no crawlable numeric base-depth value captured.
Wildcat Mountain,Wildcat official snow and weather report,official_resort,https://www.skiwildcat.com/the-mountain/mountain-conditions/snow-and-weather-report.aspx,https://www.skiwildcat.com/the-mountain/mountain-conditions/snow-and-weather-report.aspx,2026-05-26T05:05:00Z,false,Official Vail Resorts Wildcat snow/weather page recorded/query attempted; no crawlable numeric base-depth value captured.
Whistler Mountain,Whistler Blackcomb official snow report,official_resort,https://www.whistlerblackcomb.com/mountain-info/snow-report,https://www.whistlerblackcomb.com/mountain-info/snow-report,2026-05-26T05:40:00Z,false,"Official Whistler Blackcomb snow-report page queried. Search result confirms official live snow-depth/recent-snow/grooming report, but current numeric values were not captured in crawlable text for this pass."
Blackcomb Mountain,Whistler Blackcomb official snow report,official_resort,https://www.whistlerblackcomb.com/mountain-info/snow-report,https://www.whistlerblackcomb.com/mountain-info/snow-report,2026-05-26T05:40:00Z,false,Official Whistler Blackcomb snow-report page covers both Whistler and Blackcomb. Current numeric base-depth values were not captured in crawlable text for this pass.
Whistler Mountain,Whistler Blackcomb official PDF snow report,official_resort,https://secure.whistlerblackcomb.com/TomPDF/Default.aspx?Season=1&Type=bg,https://secure.whistlerblackcomb.com/TomPDF/Default.aspx?Season=1&Type=bg,2026-05-26T05:40:00Z,false,Official Whistler Blackcomb PDF report endpoint queried; search result showed SNOW BASE / CURRENT labels but did not expose stable numeric snow-base values in snippet.
Blackcomb Mountain,Whistler Blackcomb official PDF snow report,official_resort,https://secure.whistlerblackcomb.com/TomPDF/Default.aspx?Season=1&Type=bg,https://secure.whistlerblackcomb.com/TomPDF/Default.aspx?Season=1&Type=bg,2026-05-26T05:40:00Z,false,Official Whistler Blackcomb PDF report endpoint queried for Blackcomb shared report; no stable numeric base-depth value captured.
Sun Valley,Sun Valley official mountain report,official_resort,https://www.sunvalley.com/the-mountain/,https://www.sunvalley.com/the-mountain/,2026-05-26T05:40:00Z,false,Official Sun Valley mountain report/mountain hub queried. Search result confirms full mountain report and live conditions for Bald and Dollar mountains but no current numeric base-depth value captured in crawlable text.
Dollar Mountain,Sun Valley official mountain report,official_resort,https://www.sunvalley.com/the-mountain/,https://www.sunvalley.com/the-mountain/,2026-05-26T05:40:00Z,false,Official Sun Valley mountain report/mountain hub queried. Search result confirms full mountain report and live conditions for Bald and Dollar mountains but no current numeric base-depth value captured in crawlable text.
Sun Valley,OnTheSnow Sun Valley snow report,aggregator,https://www.onthesnow.com/united-states/sun-valley/skireport,https://www.onthesnow.com/united-states/sun-valley/skireport,2026-05-26T05:40:00Z,true,Aggregator fallback reports Sun Valley snow report for Mar. 04 with 46 in base depth and 12 of 17 lifts open. Stale/off-season; recorded as source but no observation for Dollar-specific data.
June Mountain,June Mountain official conditions,official_resort,https://www.junemountain.com/on-the-mountain,https://www.junemountain.com/on-the-mountain,2026-05-26T05:40:00Z,false,Official June Mountain on-the-mountain/conditions source recorded; no current numeric base-depth value captured in crawlable text.
Mt. Bachelor,Mt Bachelor official conditions report,official_resort,https://www.mtbachelor.com/the-mountain/conditions-report,https://www.mtbachelor.com/the-mountain/conditions-report,2026-05-26T05:40:00Z,false,"Official Mt Bachelor conditions report queried/recorded. Current search results also identify an OSU SWE page co-located with the reported base-depth measurement, but the official current numeric base-depth value was not captured here."
Mt. Bachelor,OSU Mt Bachelor base-area SWE station,government,https://web.engr.oregonstate.edu/~dfh/bachelorswe.php,https://web.engr.oregonstate.edu/~dfh/bachelorswe.php,2026-05-26T05:40:00Z,false,"Government/academic sensor page queried. Search result states measurements are co-located with the base-depth measurement reported at Mt Bachelor, but this is SWE/sensor context rather than a resort-reported base-depth observation."
Winter Park Resort,Winter Park official mountain report,official_resort,https://www.winterparkresort.com/the-mountain/mountain-report,https://www.winterparkresort.com/the-mountain/mountain-report,2026-05-26T05:40:00Z,false,Official Winter Park mountain-report URL recorded/query attempted; no crawlable numeric base-depth value captured in this pass.
Tremblant,Tremblant official mountain report,official_resort,https://www.tremblant.ca/mountain-village/mountain-report,https://www.tremblant.ca/mountain-village/mountain-report,2026-05-26T05:40:00Z,false,Official Tremblant mountain-report URL recorded/query attempted; no crawlable numeric base-depth value captured in this pass.
RED Mountain,RED Mountain official snow/mountain report,official_resort,https://www.redresort.com/mountain-report/,https://www.redresort.com/mountain-report/,2026-05-26T05:40:00Z,false,Official resort snow/mountain report page recorded/query attempted. No crawlable numeric base-depth value captured in this pass.
Revelstoke Mountain Resort,Revelstoke Mountain Resort official snow/mountain report,official_resort,https://www.revelstokemountainresort.com/mountain-report/,https://www.revelstokemountainresort.com/mountain-report/,2026-05-26T05:40:00Z,false,Official resort snow/mountain report page recorded/query attempted. No crawlable numeric base-depth value captured in this pass.
Schweitzer,Schweitzer official snow/mountain report,official_resort,https://www.schweitzer.com/discover/conditions-report/,https://www.schweitzer.com/discover/conditions-report/,2026-05-26T05:40:00Z,false,Official resort snow/mountain report page recorded/query attempted. No crawlable numeric base-depth value captured in this pass.
SilverStar Mountain,SilverStar Mountain official snow/mountain report,official_resort,https://www.skisilverstar.com/conditions,https://www.skisilverstar.com/conditions,2026-05-26T05:40:00Z,false,Official resort snow/mountain report page recorded/query attempted. No crawlable numeric base-depth value captured in this pass.
Sun Peaks Resort,Sun Peaks Resort official snow/mountain report,official_resort,https://www.sunpeaksresort.com/ski-ride/weather-cams,https://www.sunpeaksresort.com/ski-ride/weather-cams,2026-05-26T05:40:00Z,false,Official resort snow/mountain report page recorded/query attempted. No crawlable numeric base-depth value captured in this pass.
Sierra-at-Tahoe,Sierra-at-Tahoe official snow/mountain report,official_resort,https://www.sierraattahoe.com/mountain/conditions/,https://www.sierraattahoe.com/mountain/conditions/,2026-05-26T05:40:00Z,false,Official resort snow/mountain report page recorded/query attempted. No crawlable numeric base-depth value captured in this pass.
Snowbasin,Snowbasin official snow/mountain report,official_resort,https://www.snowbasin.com/the-mountain/mountain-report,https://www.snowbasin.com/the-mountain/mountain-report,2026-05-26T05:40:00Z,false,Official resort snow/mountain report page recorded/query attempted. No crawlable numeric base-depth value captured in this pass.
Snowshoe Mountain,Snowshoe Mountain official snow/mountain report,official_resort,https://www.snowshoemtn.com/mountain-info/mountain-report,https://www.snowshoemtn.com/mountain-info/mountain-report,2026-05-26T05:40:00Z,false,Official resort snow/mountain report page recorded/query attempted. No crawlable numeric base-depth value captured in this pass.
Snowriver Mountain Resort,Snowriver Mountain Resort official snow/mountain report,official_resort,https://www.snowriver.com/mountain-report,https://www.snowriver.com/mountain-report,2026-05-26T05:40:00Z,false,Official resort snow/mountain report page recorded/query attempted. No crawlable numeric base-depth value captured in this pass.
Solitude Mountain Resort,Solitude Mountain Resort official snow/mountain report,official_resort,https://www.solitudemountain.com/mountain-and-village/mountain-report,https://www.solitudemountain.com/mountain-and-village/mountain-report,2026-05-26T05:40:00Z,false,Official resort snow/mountain report page recorded/query attempted. No crawlable numeric base-depth value captured in this pass.
Stoneham Mountain Resort,Stoneham Mountain Resort official snow/mountain report,official_resort,https://ski-stoneham.com/en/snow-report/,https://ski-stoneham.com/en/snow-report/,2026-05-26T05:40:00Z,false,Official resort snow/mountain report page recorded/query attempted. No crawlable numeric base-depth value captured in this pass.
Stratton,Stratton official snow/mountain report,official_resort,https://www.stratton.com/the-mountain/mountain-report,https://www.stratton.com/the-mountain/mountain-report,2026-05-26T05:40:00Z,false,Official resort snow/mountain report page recorded/query attempted. No crawlable numeric base-depth value captured in this pass.
Sugarbush Resort,Sugarbush Resort official snow/mountain report,official_resort,https://www.sugarbush.com/mountain/conditions,https://www.sugarbush.com/mountain/conditions,2026-05-26T05:40:00Z,false,Official resort snow/mountain report page recorded/query attempted. No crawlable numeric base-depth value captured in this pass.
Taos Ski Valley,Taos Ski Valley official snow/mountain report,official_resort,https://taosskivalley.com/weather-snow-report,https://taosskivalley.com/weather-snow-report,2026-05-26T05:40:00Z,true,Official Taos weather/snow report search result exposed Snow Depth: 1 inches and notes base/mid/summit weather breakdown. Recorded as usable official observation.
Telluride,Telluride official snow/mountain report,official_resort,https://tellurideskiresort.com/snow-report-pdf/,https://tellurideskiresort.com/snow-report-pdf/,2026-05-26T05:40:00Z,false,Official Telluride daily mountain update PDF endpoint queried; search result showed report generated at 1:22 am and SNOW Base Depth label but not the numeric value in captured text.
The Highlands,The Highlands official snow/mountain report,official_resort,https://www.highlandsharborsprings.com/mountain-report,https://www.highlandsharborsprings.com/mountain-report,2026-05-26T05:40:00Z,false,Official resort snow/mountain report page recorded/query attempted. No crawlable numeric base-depth value captured in this pass.
Le Massif de Charlevoix,Le Massif de Charlevoix official snow/mountain report,official_resort,https://www.lemassif.com/en/mountain-report,https://www.lemassif.com/en/mountain-report,2026-05-26T05:40:00Z,false,Official resort snow/mountain report page recorded/query attempted. No crawlable numeric base-depth value captured in this pass.
Mont-Sainte-Anne,Mont-Sainte-Anne official snow/mountain report,official_resort,https://mont-sainte-anne.com/en/snow-report/,https://mont-sainte-anne.com/en/snow-report/,2026-05-26T05:40:00Z,false,Official resort snow/mountain report page recorded/query attempted. No crawlable numeric base-depth value captured in this pass.
Granite Peak Resort,Granite Peak Resort official snow/mountain report,official_resort,https://www.skigranitepeak.com/mountain-report/,https://www.skigranitepeak.com/mountain-report/,2026-05-26T05:40:00Z,false,Official resort snow/mountain report page recorded/query attempted. No crawlable numeric base-depth value captured in this pass.
Lutsen Mountains,Lutsen Mountains official snow/mountain report,official_resort,https://www.lutsen.com/mountain-info/daily-snow-report,https://www.lutsen.com/mountain-info/daily-snow-report,2026-05-26T05:40:00Z,false,Official resort snow/mountain report page recorded/query attempted. No crawlable numeric base-depth value captured in this pass.
Yunding Snow Park,Yunding Snow Park official snow/mountain report,official_resort,http://www.secretgardenresorts.com,http://www.secretgardenresorts.com,2026-05-26T05:40:00Z,false,Official resort snow/mountain report page recorded/query attempted. No crawlable numeric base-depth value captured in this pass.
APPI Resort,APPI Resort official snow/conditions page,official_resort,https://www.appi.co.jp/snow-mountain-resort/,https://www.appi.co.jp/snow-mountain-resort/,2026-05-26T05:40:00Z,false,Official resort snow/conditions or ski-area page recorded/query attempted. Current numeric base-depth value was not captured in crawlable text in this pass.
Arai Mountain Resort,Arai Mountain Resort official snow/conditions page,official_resort,https://www.lottehotel.com/arai-resort/en/ski-webzine.html,https://www.lottehotel.com/arai-resort/en/ski-webzine.html,2026-05-26T05:40:00Z,false,Official resort snow/conditions or ski-area page recorded/query attempted. Current numeric base-depth value was not captured in crawlable text in this pass.
Furano Ski Resort,Furano Ski Resort official snow/conditions page,official_resort,https://www.princehotels.co.jp/ski/furano/winter/,https://www.princehotels.co.jp/ski/furano/winter/,2026-05-26T05:40:00Z,false,Official resort snow/conditions or ski-area page recorded/query attempted. Current numeric base-depth value was not captured in crawlable text in this pass.
Mt.T,Mt.T official snow/conditions page,official_resort,https://tanigawadake-joch.com/en/mt-t/,https://tanigawadake-joch.com/en/mt-t/,2026-05-26T05:40:00Z,false,Official resort snow/conditions or ski-area page recorded/query attempted. Current numeric base-depth value was not captured in crawlable text in this pass.
Myoko Suginohara Ski Resort,Myoko Suginohara Ski Resort official snow/conditions page,official_resort,https://www.princehotels.co.jp/ski/myoko/winter/,https://www.princehotels.co.jp/ski/myoko/winter/,2026-05-26T05:40:00Z,false,Official resort snow/conditions or ski-area page recorded/query attempted. Current numeric base-depth value was not captured in crawlable text in this pass.
Nekoma Mountain,Nekoma Mountain official snow/conditions page,official_resort,https://www.nekoma.co.jp/englp/,https://www.nekoma.co.jp/englp/,2026-05-26T05:40:00Z,false,Official resort snow/conditions or ski-area page recorded/query attempted. Current numeric base-depth value was not captured in crawlable text in this pass.
Rusutsu Resort,Rusutsu Resort official snow/conditions page,official_resort,https://rusutsu.com/en/ski/snow-conditions/,https://rusutsu.com/en/ski/snow-conditions/,2026-05-26T05:40:00Z,false,Official resort snow/conditions or ski-area page recorded/query attempted. Current numeric base-depth value was not captured in crawlable text in this pass.
Zao Onsen Ski Resort,Zao Onsen Ski Resort official snow/conditions page,official_resort,https://zao-spa.or.jp/english/snow/,https://zao-spa.or.jp/english/snow/,2026-05-26T05:40:00Z,false,Official resort snow/conditions or ski-area page recorded/query attempted. Current numeric base-depth value was not captured in crawlable text in this pass.
Mona Yongpyong,Mona Yongpyong official snow/conditions page,official_resort,https://www.yongpyong.co.kr/eng/skiNboard/overview.do,https://www.yongpyong.co.kr/eng/skiNboard/overview.do,2026-05-26T05:40:00Z,false,Official resort snow/conditions or ski-area page recorded/query attempted. Current numeric base-depth value was not captured in crawlable text in this pass.
Alpe Cimbra Folgaria Lavarone,Skirama official snow report,official_resort,https://www.skirama.it/en/snow-report,https://www.skirama.it/en/snow-report,2026-05-26T05:40:00Z,false,Official Skirama snow-report hub recorded for this resort. No crawlable numeric base-depth value captured for the individual resort in this pass.
Folgarida-Marilleva,Skirama official snow report,official_resort,https://www.skirama.it/en/snow-report,https://www.skirama.it/en/snow-report,2026-05-26T05:40:00Z,false,Official Skirama snow-report hub recorded for this resort. No crawlable numeric base-depth value captured for the individual resort in this pass.
Madonna di Campiglio,Skirama official snow report,official_resort,https://www.skirama.it/en/snow-report,https://www.skirama.it/en/snow-report,2026-05-26T05:40:00Z,false,Official Skirama snow-report hub recorded for this resort. No crawlable numeric base-depth value captured for the individual resort in this pass.
Monte Bondone,Skirama official snow report,official_resort,https://www.skirama.it/en/snow-report,https://www.skirama.it/en/snow-report,2026-05-26T05:40:00Z,false,Official Skirama snow-report hub recorded for this resort. No crawlable numeric base-depth value captured for the individual resort in this pass.
Paganella,Skirama official snow report,official_resort,https://www.skirama.it/en/snow-report,https://www.skirama.it/en/snow-report,2026-05-26T05:40:00Z,false,Official Skirama snow-report hub recorded for this resort. No crawlable numeric base-depth value captured for the individual resort in this pass.
Pejo,Skirama official snow report,official_resort,https://www.skirama.it/en/snow-report,https://www.skirama.it/en/snow-report,2026-05-26T05:40:00Z,false,Official Skirama snow-report hub recorded for this resort. No crawlable numeric base-depth value captured for the individual resort in this pass.
Pinzolo,Skirama official snow report,official_resort,https://www.skirama.it/en/snow-report,https://www.skirama.it/en/snow-report,2026-05-26T05:40:00Z,false,Official Skirama snow-report hub recorded for this resort. No crawlable numeric base-depth value captured for the individual resort in this pass.
Ponte di Legno-Tonale,Skirama official snow report,official_resort,https://www.skirama.it/en/snow-report,https://www.skirama.it/en/snow-report,2026-05-26T05:40:00Z,false,Official Skirama snow-report hub recorded for this resort. No crawlable numeric base-depth value captured for the individual resort in this pass.
Hintertux Glacier,Zillertal official snow report,official_resort,https://www.zillertal.at/en/tips/winter/snow-report.html,https://www.zillertal.at/en/tips/winter/snow-report.html,2026-05-26T05:40:00Z,false,Official Zillertal snow-report hub recorded for this Zillertal resort row. Current numeric base-depth value not captured in crawlable text in this pass.
Hochfügen,Zillertal official snow report,official_resort,https://www.zillertal.at/en/tips/winter/snow-report.html,https://www.zillertal.at/en/tips/winter/snow-report.html,2026-05-26T05:40:00Z,false,Official Zillertal snow-report hub recorded for this Zillertal resort row. Current numeric base-depth value not captured in crawlable text in this pass.
Hochzillertal,Zillertal official snow report,official_resort,https://www.zillertal.at/en/tips/winter/snow-report.html,https://www.zillertal.at/en/tips/winter/snow-report.html,2026-05-26T05:40:00Z,false,Official Zillertal snow-report hub recorded for this Zillertal resort row. Current numeric base-depth value not captured in crawlable text in this pass.
Mayrhofen,Zillertal official snow report,official_resort,https://www.zillertal.at/en/tips/winter/snow-report.html,https://www.zillertal.at/en/tips/winter/snow-report.html,2026-05-26T05:40:00Z,false,Official Zillertal snow-report hub recorded for this Zillertal resort row. Current numeric base-depth value not captured in crawlable text in this pass.
Spieljoch,Zillertal official snow report,official_resort,https://www.zillertal.at/en/tips/winter/snow-report.html,https://www.zillertal.at/en/tips/winter/snow-report.html,2026-05-26T05:40:00Z,false,Official Zillertal snow-report hub recorded for this Zillertal resort row. Current numeric base-depth value not captured in crawlable text in this pass.
Zillertal Arena,Zillertal official snow report,official_resort,https://www.zillertal.at/en/tips/winter/snow-report.html,https://www.zillertal.at/en/tips/winter/snow-report.html,2026-05-26T05:40:00Z,false,Official Zillertal snow-report hub recorded for this Zillertal resort row. Current numeric base-depth value not captured in crawlable text in this pass.
Lech Zürs am Arlberg,Ski Arlberg official snow report,official_resort,https://www.skiarlberg.at/en/Ski-Arlberg/Snow-report,https://www.skiarlberg.at/en/Ski-Arlberg/Snow-report,2026-05-26T05:40:00Z,false,Official Ski Arlberg snow-report hub recorded. No crawlable numeric base-depth value captured for this resort in this pass.
St. Anton am Arlberg,Ski Arlberg official snow report,official_resort,https://www.skiarlberg.at/en/Ski-Arlberg/Snow-report,https://www.skiarlberg.at/en/Ski-Arlberg/Snow-report,2026-05-26T05:40:00Z,false,Official Ski Arlberg snow-report hub recorded. No crawlable numeric base-depth value captured for this resort in this pass.
Warth-Schröcken,Ski Arlberg official snow report,official_resort,https://www.skiarlberg.at/en/Ski-Arlberg/Snow-report,https://www.skiarlberg.at/en/Ski-Arlberg/Snow-report,2026-05-26T05:40:00Z,false,Official Ski Arlberg snow-report hub recorded. No crawlable numeric base-depth value captured for this resort in this pass.
Brides-les-Bains,Les 3 Vallées official weather/snow report,official_resort,https://www.les3vallees.com/en/live/weather,https://www.les3vallees.com/en/live/weather,2026-05-26T05:40:00Z,false,Official Les 3 Vallées live weather/snow hub recorded for this resort. No stable crawlable numeric base-depth value captured for this individual resort in this pass.
Courchevel,Les 3 Vallées official weather/snow report,official_resort,https://www.les3vallees.com/en/live/weather,https://www.les3vallees.com/en/live/weather,2026-05-26T05:40:00Z,false,Official Les 3 Vallées live weather/snow hub recorded for this resort. No stable crawlable numeric base-depth value captured for this individual resort in this pass.
Les Menuires,Les 3 Vallées official weather/snow report,official_resort,https://www.les3vallees.com/en/live/weather,https://www.les3vallees.com/en/live/weather,2026-05-26T05:40:00Z,false,Official Les 3 Vallées live weather/snow hub recorded for this resort. No stable crawlable numeric base-depth value captured for this individual resort in this pass.
Méribel,Les 3 Vallées official weather/snow report,official_resort,https://www.les3vallees.com/en/live/weather,https://www.les3vallees.com/en/live/weather,2026-05-26T05:40:00Z,false,Official Les 3 Vallées live weather/snow hub recorded for this resort. No stable crawlable numeric base-depth value captured for this individual resort in this pass.
Orelle,Les 3 Vallées official weather/snow report,official_resort,https://www.les3vallees.com/en/live/weather,https://www.les3vallees.com/en/live/weather,2026-05-26T05:40:00Z,false,Official Les 3 Vallées live weather/snow hub recorded for this resort. No stable crawlable numeric base-depth value captured for this individual resort in this pass.
Saint-Martin-de-Belleville,Les 3 Vallées official weather/snow report,official_resort,https://www.les3vallees.com/en/live/weather,https://www.les3vallees.com/en/live/weather,2026-05-26T05:40:00Z,false,Official Les 3 Vallées live weather/snow hub recorded for this resort. No stable crawlable numeric base-depth value captured for this individual resort in this pass.
Val Thorens,Les 3 Vallées official weather/snow report,official_resort,https://www.les3vallees.com/en/live/weather,https://www.les3vallees.com/en/live/weather,2026-05-26T05:40:00Z,false,Official Les 3 Vallées live weather/snow hub recorded for this resort. No stable crawlable numeric base-depth value captured for this individual resort in this pass.
Nendaz,Verbier 4Vallées official snow report,official_resort,https://www.verbier4vallees.ch/en/live/snow-report,https://www.verbier4vallees.ch/en/live/snow-report,2026-05-26T05:40:00Z,false,Official 4 Vallées snow-report hub recorded for this resort. No stable crawlable numeric base-depth value captured for this individual resort in this pass.
Thyon,Verbier 4Vallées official snow report,official_resort,https://www.verbier4vallees.ch/en/live/snow-report,https://www.verbier4vallees.ch/en/live/snow-report,2026-05-26T05:40:00Z,false,Official 4 Vallées snow-report hub recorded for this resort. No stable crawlable numeric base-depth value captured for this individual resort in this pass.
Verbier,Verbier 4Vallées official snow report,official_resort,https://www.verbier4vallees.ch/en/live/snow-report,https://www.verbier4vallees.ch/en/live/snow-report,2026-05-26T05:40:00Z,false,Official 4 Vallées snow-report hub recorded for this resort. No stable crawlable numeric base-depth value captured for this individual resort in this pass.
Veysonnaz,Verbier 4Vallées official snow report,official_resort,https://www.verbier4vallees.ch/en/live/snow-report,https://www.verbier4vallees.ch/en/live/snow-report,2026-05-26T05:40:00Z,false,Official 4 Vallées snow-report hub recorded for this resort. No stable crawlable numeric base-depth value captured for this individual resort in this pass.
Cervino Ski Paradise,SkiLife official snow report,official_resort,https://www.skilife.ski/en/snow-report,https://www.skilife.ski/en/snow-report,2026-05-26T05:40:00Z,false,Official SkiLife snow-report hub recorded for this Valle d’Aosta resort. No crawlable numeric base-depth value captured for this individual resort in this pass.
Courmayeur Mont Blanc,SkiLife official snow report,official_resort,https://www.skilife.ski/en/snow-report,https://www.skilife.ski/en/snow-report,2026-05-26T05:40:00Z,false,Official SkiLife snow-report hub recorded for this Valle d’Aosta resort. No crawlable numeric base-depth value captured for this individual resort in this pass.
La Thuile - Espace San Bernardo,SkiLife official snow report,official_resort,https://www.skilife.ski/en/snow-report,https://www.skilife.ski/en/snow-report,2026-05-26T05:40:00Z,false,Official SkiLife snow-report hub recorded for this Valle d’Aosta resort. No crawlable numeric base-depth value captured for this individual resort in this pass.
Monterosa Ski,SkiLife official snow report,official_resort,https://www.skilife.ski/en/snow-report,https://www.skilife.ski/en/snow-report,2026-05-26T05:40:00Z,false,Official SkiLife snow-report hub recorded for this Valle d’Aosta resort. No crawlable numeric base-depth value captured for this individual resort in this pass.
Pila,SkiLife official snow report,official_resort,https://www.skilife.ski/en/snow-report,https://www.skilife.ski/en/snow-report,2026-05-26T05:40:00Z,false,Official SkiLife snow-report hub recorded for this Valle d’Aosta resort. No crawlable numeric base-depth value captured for this individual resort in this pass.
Chamonix Mont-Blanc Valley,Mont Blanc Natural Resort official weather/snow report,official_resort,https://www.montblancnaturalresort.com/en/weather-snow-report,https://www.montblancnaturalresort.com/en/weather-snow-report,2026-05-26T05:40:00Z,false,Official resort weather/snow-report page recorded/query attempted. No crawlable numeric base-depth value captured in this pass.
Crans-Montana,Crans-Montana official weather/snow conditions,official_resort,https://www.crans-montana.ch/en/ski/weather_snow_conditions,https://www.crans-montana.ch/en/ski/weather_snow_conditions,2026-05-26T05:40:00Z,false,Official resort weather/snow-report page recorded/query attempted. No crawlable numeric base-depth value captured in this pass.
Grandvalira Resorts Andorra,Grandvalira official weather/snow report,official_resort,https://www.grandvalira.com/en/weather-forecast-grandvalira,https://www.grandvalira.com/en/weather-forecast-grandvalira,2026-05-26T05:40:00Z,false,Official resort weather/snow-report page recorded/query attempted. No crawlable numeric base-depth value captured in this pass.
Ischgl,Ischgl official snow report,official_resort,https://www.ischgl.com/en/Active/Active-Winter/Snow-report,https://www.ischgl.com/en/Active/Active-Winter/Snow-report,2026-05-26T05:40:00Z,false,Official resort weather/snow-report page recorded/query attempted. No crawlable numeric base-depth value captured in this pass.
Kitzbühel,KitzSki official snow report,official_resort,https://www.kitzski.at/en/current-info/kitzski-snow-report.html,https://www.kitzski.at/en/current-info/kitzski-snow-report.html,2026-05-26T05:40:00Z,false,Official resort weather/snow-report page recorded/query attempted. No crawlable numeric base-depth value captured in this pass.
Kitzsteinhorn,Kitzsteinhorn official weather/snow report,official_resort,https://www.kitzsteinhorn.at/en/service/weather-snow,https://www.kitzsteinhorn.at/en/service/weather-snow,2026-05-26T05:40:00Z,false,Official resort weather/snow-report page recorded/query attempted. No crawlable numeric base-depth value captured in this pass.
Megève Ski Area,Megève official weather/snow report,official_resort,https://www.megeve-tourisme.fr/en/ski-area/weather-snow-report/,https://www.megeve-tourisme.fr/en/ski-area/weather-snow-report/,2026-05-26T05:40:00Z,false,Official resort weather/snow-report page recorded/query attempted. No crawlable numeric base-depth value captured in this pass.
Rio Pusteria – Bressanone,Gitschberg Jochtal official snow report,official_resort,https://www.gitschberg-jochtal.com/en/ski-area/snow-report.html,https://www.gitschberg-jochtal.com/en/ski-area/snow-report.html,2026-05-26T05:40:00Z,false,Official resort weather/snow-report page recorded/query attempted. No crawlable numeric base-depth value captured in this pass.
San Martino di Castrozza/Rolle Pass,San Martino official snow report,official_resort,https://www.sanmartino.com/EN/snow-report/,https://www.sanmartino.com/EN/snow-report/,2026-05-26T05:40:00Z,false,Official resort weather/snow-report page recorded/query attempted. No crawlable numeric base-depth value captured in this pass.
Silvretta Montafon,Silvretta Montafon official snow report,official_resort,https://www.silvretta-montafon.at/en/snow-report,https://www.silvretta-montafon.at/en/snow-report,2026-05-26T05:40:00Z,false,Official resort weather/snow-report page recorded/query attempted. No crawlable numeric base-depth value captured in this pass.
Skicircus Saalbach Hinterglemm Leogang Fieberbrunn,Skicircus official snow report,official_resort,https://www.saalbach.com/en/winter/ski-resort/snow-report,https://www.saalbach.com/en/winter/ski-resort/snow-report,2026-05-26T05:40:00Z,false,Official resort weather/snow-report page recorded/query attempted. No crawlable numeric base-depth value captured in this pass.
St. Moritz,Engadin St. Moritz Mountains official weather/snow report,official_resort,https://www.mountains.ch/en/weather-and-snow-report/,https://www.mountains.ch/en/weather-and-snow-report/,2026-05-26T05:40:00Z,false,Official resort weather/snow-report page recorded/query attempted. No crawlable numeric base-depth value captured in this pass.
Sölden,Sölden official snow report,official_resort,https://www.soelden.com/winter/ski-area/snow-report.html,https://www.soelden.com/winter/ski-area/snow-report.html,2026-05-26T05:40:00Z,false,Official resort weather/snow-report page recorded/query attempted. No crawlable numeric base-depth value captured in this pass.
Valle Nevado,Valle Nevado official mountain report,official_resort,https://www.vallenevado.com/en/mountain-report/,https://www.vallenevado.com/en/mountain-report/,2026-05-26T05:40:00Z,false,Official resort weather/snow-report page recorded/query attempted. No crawlable numeric base-depth value captured in this pass.
Zermatt Matterhorn,Matterhorn Paradise official weather/snow report,official_resort,https://www.matterhornparadise.ch/en/Experience/Weather-Snow-report,https://www.matterhornparadise.ch/en/Experience/Weather-Snow-report,2026-05-26T05:40:00Z,false,Official resort weather/snow-report page recorded/query attempted. No crawlable numeric base-depth value captured in this pass.
Cypress Mountain,Cypress Mountain official downhill conditions,official_resort,https://www.cypressmountain.com/downhill-conditions-and-cams,https://www.cypressmountain.com/downhill-conditions-and-cams,2026-05-26T05:55:00Z,false,Official Cypress Mountain downhill conditions/cams page recorded/query attempted. No crawlable numeric current base-depth value captured in this pass.
Andermatt-Sedrun-Disentis,Andermatt-Sedrun-Disentis official snow report,official_resort,https://www.andermatt-sedrun-disentis.ch/en/stories/snow-report,https://www.andermatt-sedrun-disentis.ch/en/stories/snow-report,2026-05-26T05:55:00Z,false,Official Andermatt-Sedrun-Disentis snow-report page recorded/query attempted. No crawlable numeric current base-depth value captured in this pass.
Summit Central / Summit West / Summit East,Summit at Snoqualmie official mountain report,official_resort,https://www.summitatsnoqualmie.com/conditions,https://www.summitatsnoqualmie.com/conditions,2026-05-26T05:55:00Z,false,Official Summit at Snoqualmie conditions/mountain-report page recorded for Summit Central/West/East. No crawlable numeric current base-depth value captured for this grouped resort row in this pass.
Sunday River,Sunday River official printed mountain report,official_resort,https://mtnpowder.com/feed/printreport/sundayriver,https://mtnpowder.com/feed/printreport/sundayriver,2026-05-26T03:50:01Z,true,"Official current printed mountain report exposed 20 in snow depth, 0 in new snow, 0 trails open, and last update Monday May 25, 2026 5:30 AM."
Park City Mountain,Ski Utah Park City snow report,aggregator,https://www.skiutah.com/members/parkcity/snowreport,https://www.skiutah.com/members/parkcity/snowreport,2026-05-26T03:50:01Z,true,"Ski Utah member snow report exposed a current Park City row with 0 in base, 0 in 24-hour snow, and latest update May 26, 2026 7:00 AM; preferred over stale Skiresort.info search result."
